btm,btm,someara,schisamo,jtimberman,juliandunn
defunctzombie,defunctzombie,mistydemeo,thlorenz,mattrobenolt,aredridel
ealonso,ealonso,JorgeFerrer,shuyangzhou,topolik,laszlocsontos
ahmadia,ahmadia,gvwilson,ivanov,wking,scopatz
treeder,treeder,adelevie,jpadilla,tychoish,Peeja
jeremyfelt,jeremyfelt,danielbachhuber,fgrehm,till,willmot
peterbe,peterbe,lonnen,jgmize,pmclanahan,andymckay
dereuromark,dereuromark,lorenzo,ADmad,markstory,AD7six
stewart,stewart,deadprogram,edgarSilva,abotalov,tenderlove
andymckay,andymckay,kumar303,robhudson,cvan,tofumatt
andylyall,andylyall,LeaVerou,rafaelfranca,markijbema,f2prateek
Turbo87,Turbo87,tschaub,Ivoz,leplatrem,lepture
justinabrahms,justinabrahms,chrisdickinson,guilhem,igalic,akaptur
ruebot,ruebot,MorganDawe,qadan,ajstanley,nigelgbanks
cvrebert,cvrebert,s0undt3ch,philfreo,dongweiming,glebm
shrikeh,shrikeh,thewilkybarkid,jasonkarns,henrikbjorn,xtian
domcleal,domcleal,GregSutcliffe,ohadlevy,ares,abenari
juliocamarero,juliocamarero,sergiogonzalez,hhuijser,samuelkong,moltam89
arunoda,arunoda,raix,mitar,alsotang,rlidwka
ai,ai,JangoSteve,iainbeeston,elia,PikachuEXE
bobsilverberg,bobsilverberg,stephendonner,AndreiH,bebef1987,m8ttyB
taylorotwell,taylorotwell,crynobone,franzliedke,AndreasHeiberg,PunKeel
Contra,Contra,phated,ajoslin,jackfranklin,guille
dantleech,dantleech,uwej711,dbu,WouterJ,lsmith77
jreidinger,jreidinger,kobliha,lslezak,mvidner,jsuchome
chris-rock,chris-rock,lloydwatkin,prometheanfire,silverbucket,samccone
alrra,alrra,patrickkettner,paulirish,necolas,addyosmani
vojtajina,vojtajina,Dignifiedquire,IgorMinar,btford,eddiemonge
Eric-Brison,Eric-Brison,eguaj,LeaVerou,dahlia,markijbema
deepak1556,deepak1556,phalcon,cavneb,alexandresalome,trek
tansaku,tansaku,bitdeli-chef,LeaVerou,rafaelfranca,markijbema
trangvh,trangvh,ttthanh,azakus,mgaitan,tlvince
epgarcia,epgarcia,mhan810,robertoDiaz,KocsisDaniel,ealonso
tfoote,tfoote,dirk-thomas,wjwwood,stonier,jihoonl
douglaswth,douglaswth,arangamani,sawanoboly,tmatilai,mbautin
mcculls,mcculls,cstamas,jdillon,lincolnthree,jglick
torandu,torandu,retr0h,mapleoin,mvidner,doublerr
edgarSilva,edgarSilva,deadprogram,stewart,PragTob,LeaVerou
tas50,tas50,btm,jtimberman,juliandunn,someara
KocsisDaniel,KocsisDaniel,shuyangzhou,lipusz,topolik,rotty3000
jpmckinney,jpmckinney,Peeja,dracos,DeepDiver1975,timoschilling
Zearin,Zearin,wilmoore,mistydemeo,TooTallNate,gjtorikian
sergiogonzalez,sergiogonzalez,juliocamarero,hhuijser,samuelkong,moltam89
matthewford,matthewford,heathd,fatbusinessman,vinayvinay,jamiecobbett
stephenplusplus,stephenplusplus,addyosmani,passy,sindresorhus,kevva
akre54,akre54,tgriesser,paulmillr,jrburke,wyuenho
dblock,dblock,afeld,simi,johnnyshields,ScotterC
radar,radar,huoxito,jdutil,futhr,peterberkenbosch
myronmarston,myronmarston,JonRowe,soulcutter,alindeman,xaviershay
schmittjoh,schmittjoh,stof,mvrhov,guilhermeblanco,beberlei
leplatrem,leplatrem,joeybaker,tmcw,Turbo87,patrickarlt
matthew-andrews,matthew-andrews,necolas,mikaelkaron,olalonde,caolan
lightsofapollo,lightsofapollo,gaye,jugglinmike,asutherland,shane-tomlinson
schisamo,schisamo,lamont-granquist,btm,danielsdeleo,someara
btford,btford,IgorMinar,petebacondarwin,PascalPrecht,mgcrea
bcoe,bcoe,tas50,mattupstate,ranjib,stevendanna
mbostock,mbostock,dandv,tmcw,phuu,remy
cstamas,cstamas,jdillon,mcculls,lincolnthree,lholmquist
kytrinyx,kytrinyx,srt32,jcasimir,markijbema,iHiD
pypingou,pypingou,ralphbean,lmacken,CodeBlock,demands
Floppy,Floppy,pezholio,pikesley,odi-robot,JordanHatch
bakura10,bakura10,Ocramius,weierophinney,juriansluiman,spiffyjr
simong,simong,cebe,JohnMcLear,rgbkrk,jirwin
natecavanaugh,natecavanaugh,lipusz,jbalsas,KocsisDaniel,brianchandotcom
darrencauthon,darrencauthon,arthurnn,gregmolnar,ugisozols,maurogeorge
mojavelinux,mojavelinux,aslakknutsen,rafabene,jmesnil,lfryc
fatbusinessman,fatbusinessman,jamiecobbett,mnowster,JordanHatch,alext
brendo,brendo,dbu,JeanMertz,ryanramage,Anahkiasen
saulshanabrook,saulshanabrook,jasonkarns,wilmoore,mattrobenolt,treyhunner
juliangruber,juliangruber,substack,dominictarr,rvagg,kesla
thlorenz,thlorenz,defunctzombie,substack,andreypopp,jaredhanson
petebacondarwin,petebacondarwin,IgorMinar,just-boris,btford,caitp
clefebvre,clefebvre,LeaVerou,dandv,f2prateek,eddiemonge
rfellows,rfellows,pentaho-nbaker,pamval,mbautin,LeaVerou
kirs,kirs,miry,banyan,xaviershay,lucasmazza
fengmk2,fengmk2,dead-horse,alsotang,JacksonTian,yorkie
jzaefferer,jzaefferer,scottgonzalez,mikesherov,Krinkle,alimony
smn,smn,snopoke,LeaVerou,mbostock,dandv
pombredanne,pombredanne,jezdez,joshk,alex,henrikhodne
Pomax,Pomax,k88hudson,jbuck,alicoding,cadecairos
jeffharrell,jeffharrell,jgable,gkorland,wyuenho,tomByrer
bruth,bruth,tgriesser,akre54,selwin,methane
hampelm,hampelm,prashtx,sethvincent,daguar,migurski
apenney,apenney,hunner,jhoblitt,blkperl,adrienthebo
hunner,hunner,apenney,blkperl,adrienthebo,jhoblitt
ConradIrwin,ConradIrwin,mistydemeo,docwhat,charliesome,sferik
dead-horse,dead-horse,fengmk2,alsotang,JacksonTian,weakish
jglick,jglick,ndeloof,kohsuke,imod,stephenc
myint,myint,mgedmin,cvrebert,takluyver,msabramo
philsturgeon,philsturgeon,pmjones,taylorotwell,doublerr,prometheanfire
substack,substack,juliangruber,dominictarr,maxogden,feross
dieterdemeyer,dieterdemeyer,bkkrw,raphink,dgoodlad,wfarr
sax,sax,meatballhat,lamont-granquist,schisamo,btm
Bladrak,Bladrak,eko,rande,dunglas,EmmanuelVella
dandv,dandv,alsotang,mbostock,arunoda,sam-github
tbranyen,tbranyen,SBoudrias,tkellen,thanpolas,patrickarlt
dbu,dbu,dantleech,lsmith77,uwej711,WouterJ
Ivoz,Ivoz,reaperhulk,dstufft,alex,samccone
isaacs,isaacs,robertkowalski,mmalecki,rlidwka,yorkie
ivanoats,ivanoats,kytrinyx,verdet23,jeremyfelt,badboy
maethu,maethu,jone,Tschanzt,ninfaj,deiferni
cweiske,cweiske,CloCkWeRX,saltybeagle,robocoder,wimvds
addyosmani,addyosmani,stephenplusplus,passy,kevva,sindresorhus
coderanger,coderanger,lamont-granquist,schisamo,stevendanna,btm
verdet23,verdet23,kytrinyx,ivanoats,eko,rande
jaredhanson,jaredhanson,alexgorbatchev,bendiy,andreypopp,thlorenz
jezdez,jezdez,groovecoder,brutasse,rlr,saulshanabrook
colinta,colinta,clayallsopp,markrickert,justincampbell,vipulnsward
mikaelkaron,mikaelkaron,briancavalier,trek,daffl,glebm
josegonzalez,josegonzalez,dereuromark,ADmad,AD7six,rchavik
mbj,mbj,solnic,sferik,splattael,bf4
robyoung,robyoung,jabley,alexmuller,roc,tombooth
Osmose,Osmose,glogiotatidis,jgmize,pmclanahan,darobin
czue,czue,snopoke,dannyroberts,yedi,biyeun
pborreli,pborreli,stof,stloyd,fabpot,Seldaek
jordandukart,jordandukart,adam-vessey,nigelgbanks,daniel-dgi,qadan
bradleywright,bradleywright,alext,mnowster,jamiecobbett,fatbusinessman
Hywan,Hywan,jubianchi,taylorotwell,AndreasHeiberg,PunKeel
guille,guille,MatthewMueller,TooTallNate,yields,visionmedia
olalonde,olalonde,gjohnson,caolan,euforic,cristiandouce
fnichol,fnichol,arangamani,portertech,jamtur01,schisamo
JeroenDeDauw,JeroenDeDauw,azakus,caolan,olalonde,airportyh
arv,arv,azakus,ebidel,guybedford,remy
cgohlke,cgohlke,minrk,ivanov,astrofrog,takluyver
alexmingoia,alexmingoia,rschmukler,tmeasday,MatthewMueller,odi-robot
jirwin,jirwin,ryandub,rgbkrk,cebe,chadlung
NamelessCoder,NamelessCoder,cedricziel,mneuhaus,gobengo,taylorotwell
eviltrout,eviltrout,HeroicEric,SamSaffron,locks,ebryn
josh,josh,necolas,bkeepers,charliesome,schneems
mbabker,mbabker,wilsonge,dongilbert,betweenbrain,igalic
tboerger,tboerger,VictorLowther,vuntz,waynepallen,arkadykanevsky
pikesley,pikesley,pezholio,Floppy,odi-robot,steventux
lzap,lzap,ares,GregSutcliffe,ohadlevy,abenari
GrahamCampbell,GrahamCampbell,barryvdh,crynobone,AbrarSyed,taylorotwell
jonmak08,jonmak08,moltam89,hhuijser,marclundgren,marcellustavares
samuelkong,samuelkong,hhuijser,matethurzo,moltam89,JorgeFerrer
appleboy,appleboy,xtian,GianlucaGuarini,vladikoff,samsonasik
Jako,Jako,dmi3yy,AgelxNash,jpdevries,bezumkin
tychoish,tychoish,gianpaj,ebidel,jmikola,mistydemeo
mgedmin,mgedmin,mmerickel,myint,tseaver,khink
westonplatter,westonplatter,twinge,huoxito,radar,tenderlove
openstack-gerrit,openstack-gerrit,rcbjenkins,invsblduck,cloudnull,rackerjoe
nigelgbanks,nigelgbanks,adam-vessey,qadan,daniel-dgi,jordandukart
denis-sokolov,denis-sokolov,AndreasHeiberg,jeremeamia,superdweebie,ezzatron
JensTimmerman,JensTimmerman,stdweird,boegel,larsmans,cgohlke
eguaj,eguaj,Eric-Brison,LeaVerou,dahlia,markijbema
tarelli,tarelli,LeaVerou,rafaelfranca,markijbema,f2prateek
abstractj,abstractj,danbev,matzew,danielpassos,lholmquist
dfilatov,dfilatov,narqo,tadatuta,sipayRT,dg
passy,passy,stephenplusplus,addyosmani,sindresorhus,kevva
rjmackay,rjmackay,PunKeel,ezimuel,Anahkiasen,WinterSilence
rcbjenkins,rcbjenkins,rackerjoe,claco,invsblduck,cloudnull
hueniverse,hueniverse,nlf,mikeal,kpdecker,davglass
bitdeli-chef,bitdeli-chef,waffleio,pborreli,lloydwatkin,keflavich
huoxito,huoxito,radar,peterberkenbosch,jdutil,futhr
koenpunt,koenpunt,philfreo,guybedford,cvrebert,mzgol
fgrehm,fgrehm,patcon,gabebw,justincampbell,jeremyfelt
ke4,ke4,llh1,LeaVerou,dahlia,f2prateek
rgbkrk,rgbkrk,minrk,ryandub,takluyver,ivanov
asfgit,asfgit,archananaik,bryanhiggins,jsoref,lholmquist
rotty3000,rotty3000,topolik,shuyangzhou,laszlocsontos,KocsisDaniel
brianchandotcom,brianchandotcom,vilmospapp,mdelapenya,KocsisDaniel,mhan810
vladikoff,vladikoff,zaach,shama,tkellen,rfk
visionmedia,visionmedia,ForbesLindesay,jonathanong,MatthewMueller,yields
dg,dg,Bladrak,BenoitLeveque,eko,dunglas
ikedam,ikedam,oleg-nenashev,imod,jglick,ndeloof
heuermh,heuermh,chapmanb,guillermo-carrasco,mistydemeo,keflavich
Bryukh,Bryukh,LeaVerou,henrikbjorn,f2prateek,eddiemonge
jasonnoble,jasonnoble,tychoish,ebidel,jmikola,mgaitan
dhellmann,dhellmann,dirkmueller,saschpe,pydanny,invsblduck
grosser,grosser,rafaelfranca,dgoodlad,wfarr,mpapis
jpdevries,jpdevries,Jako,bezumkin,AgelxNash,burzum
WinterSilence,WinterSilence,discordier,aschempp,backbone87,Toflar
jonathanong,jonathanong,ForbesLindesay,visionmedia,ianstormtaylor,MatthewMueller
deadprogram,deadprogram,edgarSilva,stewart,tenderlove,mgcrea
abotalov,abotalov,nirvdrum,remiprev,mezis,johnjohndoe
akrabat,akrabat,EvanDotPro,weierophinney,samsonasik,ezimuel
mdelapenya,mdelapenya,brianchandotcom,mhan810,pure59,epgarcia
Raynos,Raynos,dominictarr,ljharb,Gozala,juliangruber
PaulVI,PaulVI,fbricon,pulse00,olalonde,arunoda
mcfiredrill,mcfiredrill,tarcieri,steveklabnik,kirs,banyan
jmesnil,jmesnil,darranl,ctomc,stuartwdouglas,jamezp
robhudson,robhudson,cvan,kumar303,andymckay,tofumatt
miry,miry,kirs,lucasmazza,vipulnsward,rafaelfranca
tmatilai,tmatilai,schisamo,reset,douglaswth,ranjib
eko,eko,Bladrak,rande,dunglas,EmmanuelVella
nirvdrum,nirvdrum,abotalov,tychoish,jmazzi,carlossg
jancborchardt,jancborchardt,DeepDiver1975,discordier,aschempp,backbone87
waynepallen,waynepallen,VictorLowther,cdearborn,cloudedge,arkadykanevsky
someara,someara,jtimberman,juliandunn,sethvargo,btm
johnjohndoe,johnjohndoe,JakeWharton,f2prateek,abotalov,stefanw
mjallday,mjallday,matthewfl,mahmoudimus,whit537,sigmavirus24
dirkmueller,dirkmueller,VictorLowther,vuntz,tboerger,waynepallen
schlamar,schlamar,kevinburke,sigmavirus24,kennethreitz,pwaller
sethvargo,sethvargo,jtimberman,someara,juliandunn,stevendanna
kriskowal,kriskowal,francoisfrisch,Stuk,aadsm,domenic
twolfson,twolfson,briancavalier,whit537,sigmavirus24,stephenplusplus
yields,yields,ianstormtaylor,visionmedia,anthonyshort,MatthewMueller
VlikeBanana,VlikeBanana,aways,Jaiglissechef-i9100,MBQ-,MightyBear007
sindresorhus,sindresorhus,passy,stephenplusplus,addyosmani,kevva
till,till,thewilkybarkid,hason,RobinvdVleuten,jeremyfelt
PascalPrecht,PascalPrecht,robinboehm,ajoslin,ProLoser,btford
gregorybesson,gregorybesson,bitdeli-chef,LeaVerou,henrikbjorn,f2prateek
frodsan,frodsan,rafaelfranca,eiel,tenderlove,teeparham
gobengo,gobengo,cedricziel,taylorotwell,NamelessCoder,ianstormtaylor
SamSaffron,SamSaffron,eviltrout,HeroicEric,tenderlove,ScotterC
rajinir,rajinir,Axam,arkadykanevsky,cdearborn,dpaterson
gdi2290,gdi2290,IgorMinar,caitp,just-boris,petebacondarwin
jabley,jabley,alexmuller,robyoung,roc,alext
reset,reset,mbautin,sethvargo,justincampbell,johnbellone
aldafu,aldafu,cbotsikas,LeaVerou,henrikbjorn,f2prateek
bajtos,bajtos,raymondfeng,sam-github,rlidwka,domenic
jamiecobbett,jamiecobbett,fatbusinessman,mnowster,alext,bradleywright
OliverJAsh,OliverJAsh,bengourley,serby,jasonkarns,tkellen
mikesherov,mikesherov,scottgonzalez,jzaefferer,Krinkle,stephenmathieson
lbjay,lbjay,jordansissel,paulczar,edsu,jamtur01
MengZhang,MengZhang,jdan,cjohansen,rafaelfranca,markijbema
iainbeeston,iainbeeston,mistydemeo,sferik,miry,gabebw
garbas,garbas,do3cc,davisagli,vangheem,thet
willdurand,willdurand,K-Phoen,adrienbrault,garak,staabm
stuartwdouglas,stuartwdouglas,darranl,ctomc,jmesnil,jamezp
hason,hason,shieldo,egeloen,mvrhov,Seldaek
guilhem,guilhem,btm,someara,jtimberman,stevendanna
alicoding,alicoding,ScottDowne,k88hudson,cadecairos,Pomax
soffes,soffes,ZDroid,markrickert,fabiokr,dmathieu
cadecairos,cadecairos,ScottDowne,k88hudson,jbuck,alicoding
jhinkey,jhinkey,topolik,shuyangzhou,rotty3000,laszlocsontos
charliesome,charliesome,zzak,alindeman,kares,xaviershay
jdalsem,jdalsem,beck24,LeaVerou,rafaelfranca,markijbema
asutherland,asutherland,gaye,jrburke,lightsofapollo,shane-tomlinson
pezholio,pezholio,Floppy,pikesley,odi-robot,steventux
hkdobrev,hkdobrev,njam,discordier,aschempp,backbone87
benilovj,benilovj,jamiecobbett,heathd,mnowster,bradleywright
sferik,sferik,mistydemeo,mislav,xaviershay,iainbeeston
heathd,heathd,jamiecobbett,bradleywright,matthewford,fatbusinessman
alloy,alloy,orta,kylef,mistydemeo,clayallsopp
roc,roc,robyoung,jabley,alexmuller,tombooth
WyriHaximus,WyriHaximus,markstory,rchavik,tychoish,ADmad
danielpassos,danielpassos,secondsun,abstractj,matzew,smiklosovic
sgilda,sgilda,rafabene,VineetReynolds,gastaldi,darranl
juanluisrp,juanluisrp,alediator,yhahn,springmeyer,tmcw
maxogden,maxogden,shama,substack,chrisdickinson,hughsk
futoase,futoase,mistydemeo,vincentbernat,sheerun,docwhat
freewil,freewil,mjhea0,jrf0110,faceleg,coderaiser
jdalton,jdalton,terinjokes,tomByrer,mathiasbynens,jgable
hhuijser,hhuijser,samuelkong,moltam89,matethurzo,sergiogonzalez
sapegin,sapegin,kizu,MoOx,Zearin,dg
garbados,garbados,BigBlueHat,caolan,ryanramage,svnlto
mmalecki,mmalecki,indexzero,Swaagie,jcrugzz,shane-tomlinson
rhafer,rhafer,cdearborn,arkadykanevsky,dpaterson,cloudedge
rafaelfranca,rafaelfranca,lucasmazza,guilleiguaran,wfarr,robertomiranda
johnnyshields,johnnyshields,huoxito,PikachuEXE,ScotterC,dmathieu
cableman,cableman,LeaVerou,rafaelfranca,f2prateek,eddiemonge
waffleio,waffleio,thoop,andreaturli,bitdeli-chef,gustavohenke
titoBouzout,titoBouzout,twolfson,jonschlinkert,rafaelfranca,f2prateek
jdillon,jdillon,cstamas,mcculls,joschi,lincolnthree
dunglas,dunglas,Bladrak,egeloen,BenoitLeveque,EmmanuelVella
paulmillr,paulmillr,akre54,tgriesser,philfreo,wyuenho
le0pard,le0pard,mistydemeo,vincentbernat,jmazzi,docwhat
wp-plugins-user,wp-plugins-user,niwibe,dandv,markijbema,f2prateek
psgs,psgs,LeaVerou,dandv,markijbema,f2prateek
mickaelandrieu,mickaelandrieu,alexandresalome,lyrixx,gnugat,Seldaek
eymengunay,eymengunay,K-Phoen,umpirsky,stloyd,uwej711
rvagg,rvagg,timoxley,mcollina,juliangruber,kesla
stefk,stefk,hason,shieldo,drak,egeloen
ericf,ericf,caridy,davglass,brunobasto,eduardolundgren
DeepDiver1975,DeepDiver1975,jancborchardt,discordier,aschempp,backbone87
shama,shama,tkellen,maxogden,vladikoff,mikolalysenko
spheromak,spheromak,wilreichert,robertchoi8099,rcbjenkins,jtimberman
BigBlueHat,BigBlueHat,AndreasHeiberg,taylorotwell,garbados,PunKeel
cjohansen,cjohansen,jdan,dmathieu,iHiD,MengZhang
gkorland,gkorland,jeffharrell,arunoda,coderaiser,samccone
wilreichert,wilreichert,spheromak,robertchoi8099,openstack-gerrit,mapleoin
wfarr,wfarr,rafaelfranca,petems,dgoodlad,GregSutcliffe
Anahkiasen,Anahkiasen,barryvdh,AndreasHeiberg,taylorotwell,crynobone
arian,arian,phalcon,cavneb,nfroidure,alexandresalome
meatballhat,meatballhat,rafecolton,sax,joshk,henrikhodne
fredericBregier,fredericBregier,danbev,normanmaurer,ming13,invsblduck
soulcutter,soulcutter,myronmarston,alindeman,JonRowe,xaviershay
rjackson,rjackson,machty,stefanpenner,twokul,ebryn
arthurnn,arthurnn,xaviershay,banyan,tenderlove,SamSaffron
jordanilchev,jordanilchev,iceniumsamples,LeaVerou,rafaelfranca,markijbema
imod,imod,jglick,ndeloof,ikedam,JeanMertz
danielbachhuber,danielbachhuber,joehoyle,jeremyfelt,willmot,mattheu
jmikola,jmikola,tychoish,superdweebie,gianpaj,ebidel
gnugat,gnugat,vicb,mickaelandrieu,Seldaek,mvrhov
crccheck,crccheck,ezzatron,jmalloc,jpadilla,RReverser
adam-vessey,adam-vessey,jordandukart,nigelgbanks,qadan,daniel-dgi
ralphbean,ralphbean,pypingou,lmacken,CodeBlock,tychoish
eventualbuddha,eventualbuddha,fivetanley,teddyzeenny,twokul,trek
nemesisdesign,nemesisdesign,mjumbewu,Neamar,toranb,acatton
pylerSM,pylerSM,f2prateek,ming13,JakeWharton,Jaiglissechef-i9100
kevva,kevva,addyosmani,stephenplusplus,passy,sindresorhus
MorganDawe,MorganDawe,willtp87,nigelgbanks,ajstanley,jordandukart
mtdowling,mtdowling,jeremeamia,thewilkybarkid,schmittjoh,adrianmacneil
pulse00,pulse00,docteurklein,Bladrak,lsmith77,baldurrensch
taldcroft,taldcroft,astrofrog,keflavich,LeaVerou,markijbema
yorkie,yorkie,sam-github,isaacs,kevinsawicki,WebReflection
Vexatos,Vexatos,AbrarSyed,GrahamCampbell,tterrag1098,bitdeli-chef
jdutil,jdutil,radar,peterberkenbosch,futhr,huoxito
rande,rande,eko,Bladrak,dunglas,EmmanuelVella
JordanHatch,JordanHatch,mnowster,alext,fatbusinessman,vinayvinay
petergoldstein,petergoldstein,amatsuda,radar,iloveitaly,jdutil
ixti,ixti,schneems,tenderlove,jmazzi,benilovj
robertchoi8099,robertchoi8099,wilreichert,spheromak,rackerjoe,doublerr
iElectric,iElectric,tseaver,mmerickel,msabramo,dstufft
vjuranek,vjuranek,Sanne,imod,ndeloof,doublerr
Aaron1011,Aaron1011,rkh,henrikhodne,joshk,bfontaine
sheadawson,sheadawson,nyeholt,tractorcow,wilr,halkyon
romainneutron,romainneutron,fabpot,lyrixx,igorw,pborreli
kerrizor,kerrizor,PragTob,srt32,jcasimir,kytrinyx
bflad,bflad,stevendanna,paulczar,atomic-penguin,someara
steventux,steventux,mnowster,vinayvinay,Shotclog,alext
hughsk,hughsk,mikolalysenko,chrisdickinson,maxogden,shama
k88hudson,k88hudson,ScottDowne,cadecairos,alicoding,Pomax
paulczar,paulczar,invsblduck,cloudnull,doublerr,jordansissel
henrikbjorn,henrikbjorn,mickaelandrieu,thewilkybarkid,fabpot,igorw
WoLpH,WoLpH,Fantomas42,codeinthehole,jezdez,bfontaine
ndeloof,ndeloof,jglick,imod,stephenc,kohsuke
pmclanahan,pmclanahan,glogiotatidis,jgmize,rlr,Osmose
fabpot,fabpot,lyrixx,Seldaek,WouterJ,vicb
KingYes,KingYes,cebe,rmccue,wyuenho,ProLoser
mzgol,mzgol,petebacondarwin,eddiemonge,caitp,guybedford
saltybeagle,saltybeagle,mfairchild365,cweiske,CloCkWeRX,jrf0110
pwaller,pwaller,schlamar,kevinburke,domoritz,lukasgraf
joshk,joshk,henrikhodne,Aaron1011,rkh,BanzaiMan
mlafeldt,mlafeldt,ranjib,andrewgross,tmatilai,annashipman
AndreiH,AndreiH,bebef1987,stephendonner,bobsilverberg,m8ttyB
dscho,dscho,ctrueden,jglick,LeaVerou,markijbema
bendiy,bendiy,lynnaloo,jaredhanson,reinout,dereuromark
chirimoya,chirimoya,LeaVerou,rafaelfranca,markijbema,f2prateek
egeloen,egeloen,dunglas,hason,shieldo,schmittjoh
lfryc,lfryc,aslakknutsen,gastaldi,kpiwko,aschempp
gjtorikian,gjtorikian,benbalter,parkr,afeld,Dignifiedquire
bebef1987,bebef1987,AndreiH,stephendonner,bobsilverberg,m8ttyB
dokuwiki-translate,dokuwiki-translate,splitbrain,michitux,Klap-in,mprins
MightyBear007,MightyBear007,aways,MBQ-,VlikeBanana,Jaiglissechef-i9100
shieldo,shieldo,uwej711,dantleech,WouterJ,dbu
splattael,splattael,markijbema,zzak,charliesome,amatsuda
jcoglan,jcoglan,jhawthorn,dmathieu,charliesome,kares
zenorocha,zenorocha,eduardolundgren,pat270,brunobasto,Robert-Frampton
barryvdh,barryvdh,Anahkiasen,GrahamCampbell,taylorotwell,AndreasHeiberg
silverbucket,silverbucket,arunoda,chris-rock,dfilatov,lloydwatkin
gabebw,gabebw,calebthompson,maurogeorge,iainbeeston,fabiokr
guilhermeblanco,guilhermeblanco,beberlei,mvrhov,robocoder,stof
adamjacobbecker,adamjacobbecker,daguar,stevenharman,vvo,Munter
rkh,rkh,Aaron1011,henrikhodne,joshk,vipulnsward
doublerr,doublerr,prometheanfire,btm,juliandunn,retr0h
papandreou,papandreou,Munter,aredridel,domenic,airportyh
vesln,vesln,demands,doowb,Swatinem,calvinfo
stefanw,stefanw,rgrp,metaodi,domoritz,acdha
andreasisaak,andreasisaak,discordier,backbone87,tristanlins,Toflar
Maks3w,Maks3w,samsonasik,weierophinney,akrabat,Ocramius
raix,raix,arunoda,mitar,alsotang,tmeasday
neoziro,neoziro,svnlto,xtian,darobin,printercu
jgable,jgable,jeffharrell,jdalton,rlidwka,terinjokes
asciidisco,asciidisco,LaurentGoderre,arian,kpdecker,chenglou
parkr,parkr,gjtorikian,sferik,stevenharman,scribu
gauthierm,gauthierm,pmclanahan,rlr,CloCkWeRX,gvwilson
matthew-brett,matthew-brett,ivanov,takluyver,arokem,yarikoptic
davglass,davglass,ericf,mikeal,caridy,brunobasto
gianpaj,gianpaj,tychoish,mistydemeo,jmikola,dongweiming
rmm5t,rmm5t,hsbt,iainbeeston,frodsan,arthurnn
carlossg,carlossg,maxlinc,zimbatm,domcleal,skottler
csierra,csierra,robertoDiaz,mhan810,marcellustavares,epgarcia
mvidner,mvidner,lslezak,jreidinger,jsuchome,cloudedge
orta,orta,alloy,kylef,faceleg,markrickert
vipulnsward,vipulnsward,zzak,SamSaffron,davidcelis,HeroicEric
Seldaek,Seldaek,fabpot,lyrixx,gnugat,hason
tonydspaniard,tonydspaniard,schmunk42,cebe,KingYes,emanwebdev
tomByrer,tomByrer,wyuenho,jdalton,terinjokes,just-boris
lamont-granquist,lamont-granquist,danielsdeleo,schisamo,btm,someara
fivetanley,fivetanley,teddyzeenny,machty,stefanpenner,twokul
kohsuke,kohsuke,jglick,ndeloof,stephenc,ikedam
jcoyne,jcoyne,jeremyf,cam156,cbeer,cjcolvar
matthewwithanm,matthewwithanm,tgriesser,akre54,saulshanabrook,acatton
stof,stof,schmittjoh,fabpot,Seldaek,guilhermeblanco
robocoder,robocoder,guilhermeblanco,stof,alexandresalome,cweiske
sergeylevchenko,sergeylevchenko,Axam,dpaterson,rajinir,arkadykanevsky
saschpe,saschpe,mapleoin,dirkmueller,vuntz,arkadykanevsky
pconrad,pconrad,LeaVerou,solnic,dandv,markijbema
metaodi,metaodi,domoritz,stefanw,rgrp,rafaelfranca
ares,ares,GregSutcliffe,ohadlevy,iNecas,abenari
aslakknutsen,aslakknutsen,lfryc,gastaldi,mojavelinux,VineetReynolds
sokra,sokra,shama,abrkn,Swatinem,mbostock
popomore,popomore,lepture,MatthewMueller,Daniel-Hug,sethvincent
spicyj,spicyj,benjamn,petehunt,chenglou,briancavalier
GianlucaGuarini,GianlucaGuarini,xtian,appleboy,desandro,fivetanley
caridy,caridy,ericf,davglass,thomasboyt,joefiorini
thomasboyt,thomasboyt,stefanpenner,twokul,machty,fivetanley
arkadykanevsky,arkadykanevsky,cdearborn,dpaterson,waynepallen,rhafer
stephenmcd,stephenmcd,nijel,acatton,mitar,gjtorikian
xaviershay,xaviershay,JonRowe,alindeman,myronmarston,charliesome
iHiD,iHiD,kytrinyx,wilmoore,mistydemeo,twokul
stevenharman,stevenharman,mislav,mistydemeo,deiga,vincentbernat
lepture,lepture,popomore,Turbo87,jonathanong,mattupstate
hatchan,hatchan,springmeyer,nlf,tomhughes,Mithgol
khink,khink,davisagli,do3cc,bosim,thet
gunnarmorling,gunnarmorling,Sanne,darranl,ctomc,jharting
jihoonl,jihoonl,stonier,tfoote,dirk-thomas,ipa-fxm
forkbot,forkbot,pikesley,Floppy,pezholio,mnowster
HenrikJoreteg,HenrikJoreteg,latentflip,chrishunt,nlf,leereilly
alext,alext,mnowster,JordanHatch,vinayvinay,bradleywright
smiklosovic,smiklosovic,danielpassos,secondsun,gastaldi,danbev
bkkrw,bkkrw,dieterdemeyer,raphink,dcarley,blkperl
wilmoore,wilmoore,njam,jasonkarns,mistydemeo,markijbema
jaredly,jaredly,chenglou,igorw,IgorMinar,RobinvdVleuten
dmi3yy,dmi3yy,AgelxNash,Jako,cstamas,beberlei
rackerjoe,rackerjoe,rcbjenkins,claco,invsblduck,cloudnull
RobLoach,RobLoach,akre54,jrburke,tgriesser,desandro
mmerickel,mmerickel,tseaver,iElectric,msabramo,mgedmin
wolever,wolever,ivanov,takluyver,minrk,gregcaporaso
jugglinmike,jugglinmike,lightsofapollo,gaye,shane-tomlinson,bobthecow
JakeWharton,JakeWharton,f2prateek,johnjohndoe,RyanTech,pylerSM
migurski,migurski,daguar,prashtx,sethvincent,bfontaine
moltam89,moltam89,hhuijser,samuelkong,marcellustavares,matethurzo
JacksonTian,JacksonTian,fengmk2,ktmud,coderhaoxin,dead-horse
clue,clue,chenglou,dg,RobinvdVleuten,jaredly
matthesrieke,matthesrieke,nuest,rafaelfranca,markijbema,f2prateek
mythmon,mythmon,rlr,willkg,groovecoder,lonnen
tristanlins,tristanlins,backbone87,discordier,andreasisaak,aschempp
jsoref,jsoref,bryanhiggins,asfgit,archananaik,lholmquist
dcramer,dcramer,mattrobenolt,acdha,streeter,rogerhu
xtian,xtian,cavneb,machty,fivetanley,thomasboyt
BenoitLeveque,BenoitLeveque,nicolas-bastien,dunglas,stloyd,Bladrak
svnlto,svnlto,gr2m,janl,caolan,neoziro
pdehaan,pdehaan,shane-tomlinson,zaach,seanmonstar,vladikoff
twinge,twinge,westonplatter,LeaVerou,cjohansen,eddiemonge
jone,jone,maethu,ninfaj,Tschanzt,elioschmutz
odi-robot,odi-robot,pezholio,pikesley,Floppy,steventux
Mithgol,Mithgol,RReverser,springmeyer,tomhughes,guybedford
simi,simi,kirs,banyan,ugisozols,parndt
tamird,tamird,charliesome,robertomiranda,xaviershay,kares
njam,njam,mistydemeo,wilmoore,marcqualie,jasonkarns
jean,jean,tychoish,mauritsvanrees,do3cc,ebidel
tadatuta,tadatuta,narqo,sipayRT,dfilatov,lfryc
IgorMinar,IgorMinar,petebacondarwin,btford,just-boris,caitp
krainboltgreene,krainboltgreene,davidcelis,eviltrout,chrishunt,trek
buckett,buckett,bdvholmes,LeaVerou,henrikbjorn,f2prateek
mprins,mprins,jdeolive,dokuwiki-translate,splitbrain,Klap-in
rubenv,rubenv,cristiandouce,bengourley,zyegfryed,gjohnson
nebhale,nebhale,andypiper,mistydemeo,gregturn,vincentbernat
GregSutcliffe,GregSutcliffe,abenari,ohadlevy,domcleal,ares
rafabene,rafabene,sgilda,VineetReynolds,gastaldi,fbricon
repeatedly,repeatedly,tagomoris,charliesome,kou,zzak
phalcon,phalcon,cavneb,alexandresalome,trek,joliss
igalic,igalic,jlambert121,jordansissel,hunner,apenney
paales,paales,Vinai,diglin,barryvdh,lsmith77
raphink,raphink,hunner,dieterdemeyer,bkkrw,haus
wedaly,wedaly,stephenc,ndeloof,thedrow,jglick
keul,keul,mauritsvanrees,bosim,thet,tdesvenain
kou,kou,zzak,docwhat,mistydemeo,zenspider
sanemat,sanemat,JonRowe,kirs,banyan,hsbt
alediator,alediator,juanluisrp,tschaub,henrikbjorn,f2prateek
gaye,gaye,lightsofapollo,asutherland,jugglinmike,jrburke
jmazzi,jmazzi,fabiokr,ixti,le0pard,benilovj
ProLoser,ProLoser,PascalPrecht,petebacondarwin,just-boris,ajoslin
gthb,gthb,s0undt3ch,mattrobenolt,dongweiming,miracle2k
cwjohnston,cwjohnston,coderanger,portertech,sneal,btm
boegel,boegel,stdweird,JensTimmerman,LeaVerou,f2prateek
meshy,meshy,yakky,jrief,niwibe,dcramer
superdweebie,superdweebie,samsonasik,bakura10,Ocramius,TomHAnderson
MatthewMueller,MatthewMueller,guille,rschmukler,visionmedia,TooTallNate
JeanMertz,JeanMertz,doublerr,lamont-granquist,schisamo,arangamani
archananaik,archananaik,asfgit,jsoref,bryanhiggins,lholmquist
h4cc,h4cc,Seldaek,thewilkybarkid,baldurrensch,schmittjoh
samccone,samccone,jiyinyiyong,weakish,Ivoz,gkorland
terinjokes,terinjokes,jdalton,tomByrer,mistydemeo,phated
Fantomas42,Fantomas42,WoLpH,fcurella,codeinthehole,jezdez
jtimberman,jtimberman,sethvargo,someara,stevendanna,btm
ninfaj,ninfaj,jone,maethu,elioschmutz,Tschanzt
vinayvinay,vinayvinay,mnowster,alext,steventux,JordanHatch
lloydwatkin,lloydwatkin,chris-rock,tgriesser,akre54,paulmillr
mbklein,mbklein,cjcolvar,jcoyne,cam156,cbeer
TooTallNate,TooTallNate,guille,MatthewMueller,visionmedia,mcollina
yedi,yedi,biyeun,snopoke,czue,dannyroberts
dadoonet,dadoonet,andrewgross,mbautin,stevenharman,printercu
WouterJ,WouterJ,dantleech,dbu,uwej711,shieldo
zeke,zeke,kanzure,samccone,joeybaker,jfirebaugh
robertoDiaz,robertoDiaz,epgarcia,matethurzo,mhan810,JorgeFerrer
dgoodlad,dgoodlad,blackjid,wfarr,rafaelfranca,petems
cloudnull,cloudnull,invsblduck,rcbjenkins,claco,rackerjoe
ugisozols,ugisozols,parndt,twokul,machty,SamSaffron
calvinfo,calvinfo,ianstormtaylor,yields,vvo,vesln
nacx,nacx,andrewgaul,andreaturli,ndeloof,JakeWharton
astrofrog,astrofrog,keflavich,cgohlke,ivanov,taldcroft
twokul,twokul,machty,teddyzeenny,stefanpenner,fivetanley
tterrag1098,tterrag1098,Vexatos,dahlia,markijbema,f2prateek
gotcha,gotcha,thet,s0undt3ch,iElectric,keul
ezimuel,ezimuel,weierophinney,samsonasik,akrabat,bakura10
vangheem,vangheem,garbas,do3cc,tdesvenain,davisagli
RReverser,RReverser,Mithgol,benjamn,thanpolas,amasad
cebe,cebe,schmunk42,KingYes,tonydspaniard,simong
futhr,futhr,radar,peterberkenbosch,iloveitaly,jdutil
beberlei,beberlei,guilhermeblanco,mnapoli,schmittjoh,stof
glebm,glebm,ProLoser,tenderlove,cvrebert,lucasmazza
XhmikosR,XhmikosR,gvwilson,eviltrout,unwiredben,alanshaw
benlangfeld,benlangfeld,JustinAiken,abenari,ohadlevy,digitalextremist
avelino,avelino,aaugustin,fcurella,treyhunner,zyegfryed
demands,demands,petebacondarwin,dmathieu,mikeal,SBoudrias
stevenschlansker,stevenschlansker,cowtowncoder,ming13,stuartwdouglas,markijbema
willtp87,willtp87,daniel-dgi,nigelgbanks,MorganDawe,qadan
scopatz,scopatz,ahmadia,gvwilson,wking,phalcon
halkyon,halkyon,chillu,stojg,wilr,tractorcow
ianstormtaylor,ianstormtaylor,yields,anthonyshort,jonathanong,visionmedia
psi-4ward,psi-4ward,Toflar,tristanlins,aschempp,backbone87
jsilvestre,jsilvestre,frankrousseau,aenario,waffleio,rafaelfranca
msabramo,msabramo,mmerickel,iElectric,mistydemeo,tseaver
parndt,parndt,ugisozols,simi,rjocoleman,charliesome
invsblduck,invsblduck,cloudnull,rcbjenkins,rackerjoe,claco
weierophinney,weierophinney,ezimuel,samsonasik,akrabat,spiffyjr
nickvergessen,nickvergessen,igorw,discordier,aschempp,backbone87
tseaver,tseaver,mmerickel,iElectric,mgedmin,msabramo
SAC-CS,SAC-CS,LeaVerou,dahlia,markijbema,f2prateek
backbone87,backbone87,discordier,tristanlins,andreasisaak,aschempp
minad,minad,Asmod4n,docwhat,matthias-guenther,iainbeeston
acdha,acdha,toastdriven,dcramer,robhudson,stefanw
nickstenning,nickstenning,dcarley,philandstuff,annashipman,fatbusinessman
locks,locks,teddyzeenny,trek,fivetanley,machty
wilsonge,wilsonge,mbabker,dongilbert,betweenbrain,fabpot
ryanramage,ryanramage,caolan,hkdobrev,darobin,JeanMertz
dongilbert,dongilbert,wilsonge,mbabker,betweenbrain,njam
ben-ng,ben-ng,gthb,defunctzombie,robertkowalski,thlorenz
srt32,srt32,kytrinyx,jcasimir,markijbema,igalic
kevinsawicki,kevinsawicki,RobLoach,jrburke,yorkie,tkellen
rdohms,rdohms,Seldaek,mvrhov,gnugat,vicb
mgaitan,mgaitan,ivanov,minrk,takluyver,tychoish
stefanpenner,stefanpenner,teddyzeenny,ebryn,machty,thomasboyt
stdweird,stdweird,JensTimmerman,boegel,LeaVerou,f2prateek
elbaschid,elbaschid,codeinthehole,toastdriven,s0undt3ch,kiorky
gregmolnar,gregmolnar,jasnow,arthurnn,andrew,dlackty
garysweaver,garysweaver,teeparham,dmathieu,prathamesh-sonpatki,guilleiguaran
aequasi,aequasi,guilhermeblanco,beberlei,mvrhov,denis-sokolov
sharoonthomas,sharoonthomas,miracle2k,methane,stevenharman,printercu
tenderlove,tenderlove,SamSaffron,zenspider,schneems,zzak
cdearborn,cdearborn,dpaterson,arkadykanevsky,cloudedge,rhafer
dominictarr,dominictarr,juliangruber,Raynos,substack,thlorenz
pmjones,pmjones,harikt,koriym,mvriel,drak
markstory,markstory,rchavik,dereuromark,lorenzo,ADmad
JuanitoFatas,JuanitoFatas,amatsuda,charliesome,zzak,ScotterC
marcqualie,marcqualie,mistydemeo,vincentbernat,docwhat,andypiper
asmeurer,asmeurer,mrocklin,moorepants,larsmans,minrk
amcgowanca,amcgowanca,mvrhov,rdohms,mhor,hason
pat270,pat270,brunobasto,Robert-Frampton,eduardolundgren,jbalsas
phoet,phoet,miry,garysweaver,teeparham,tamird
stonier,stonier,jihoonl,dirk-thomas,tfoote,wjwwood
cesine,cesine,aadsm,francoisfrisch,Stuk,kriskowal
matzew,matzew,abstractj,danbev,lholmquist,danielpassos
ronkorving,ronkorving,bjornstar,sam-github,yorkie,mathiasbynens
Gozala,Gozala,Raynos,mrshu,cristiandouce,groovecoder
mattheu,mattheu,willmot,joehoyle,danielbachhuber,jeremeamia
DavidMikeSimon,DavidMikeSimon,petebacondarwin,btford,Hywan,cebe
reaperhulk,reaperhulk,Ivoz,dstufft,alex,maxlinc
Kenneth-T-Moore,Kenneth-T-Moore,JustinSGray,svnlto,markijbema,f2prateek
jasnow,jasnow,alindeman,gregmolnar,eiel,dmathieu
haus,haus,MosesMendoza,branan,adrienthebo,djmitche
janl,janl,gr2m,caolan,svnlto,mistydemeo
clayallsopp,clayallsopp,markrickert,colinta,alloy,chenglou
RobinvdVleuten,RobinvdVleuten,chenglou,henrikbjorn,till,mvrhov
jhawthorn,jhawthorn,radar,huoxito,peterberkenbosch,jdutil
AndreasHeiberg,AndreasHeiberg,taylorotwell,franzliedke,jeremeamia,crynobone
andreypopp,andreypopp,petehunt,benjamn,defunctzombie,jaredhanson
joehoyle,joehoyle,willmot,mattheu,danielbachhuber,LeaVerou
sam-github,sam-github,bajtos,raymondfeng,yorkie,WebReflection
johnbellone,johnbellone,reset,schisamo,abenari,tmatilai
nfroidure,nfroidure,MoOx,kud,arian,jrburke
quarterto,quarterto,joneshf,jonschlinkert,abrkn,jpadilla
ScottDowne,ScottDowne,cadecairos,k88hudson,alicoding,jbuck
bricker,bricker,pat,charliesome,bkeepers,miry
abztrakt,abztrakt,LeaVerou,niwibe,markijbema,f2prateek
azakus,azakus,arv,ebidel,ttthanh,trangvh
dongweiming,dongweiming,ionelmc,gianpaj,s0undt3ch,cvrebert
rafecolton,rafecolton,meatballhat,doublerr,rackerjoe,robertchoi8099
dirk-thomas,dirk-thomas,tfoote,wjwwood,stonier,jihoonl
zimbatm,zimbatm,abenari,ohadlevy,GregSutcliffe,skottler
brunobasto,brunobasto,zsagia,pat270,pure59,migue
adrianmacneil,adrianmacneil,denis-sokolov,AndreasHeiberg,jeremeamia,mtdowling
lyrixx,lyrixx,alexandresalome,mickaelandrieu,fabpot,Seldaek
wilr,wilr,halkyon,tractorcow,chillu,sminnee
aaugustin,aaugustin,alimony,brutasse,avelino,treyhunner
schmunk42,schmunk42,cebe,tonydspaniard,KingYes,sminnee
beck24,beck24,jdalsem,lfryc,LeaVerou,rafaelfranca
harikt,harikt,pmjones,koriym,schmittjoh,nicolas-bastien
loopj,loopj,ConradIrwin,rmm5t,miry,simi
petems,petems,wfarr,dgoodlad,johnbellone,mislav
prometheanfire,prometheanfire,doublerr,btm,juliandunn,someara
michitux,michitux,dokuwiki-translate,Klap-in,mprins,splitbrain
anthonyshort,anthonyshort,ianstormtaylor,MatthewMueller,yields,rschmukler
AbrarSyed,AbrarSyed,GrahamCampbell,diglin,Vexatos,LeaVerou
eric,eric,carlossg,zimbatm,maxlinc,jnunemaker
dpaterson,dpaterson,cdearborn,arkadykanevsky,cloudedge,rhafer
thet,thet,gotcha,davisagli,garbas,khink
juriansluiman,juriansluiman,bakura10,RWOverdijk,TomHAnderson,weierophinney
indexzero,indexzero,mmalecki,jcrugzz,Swaagie,3rd-Eden
koriym,koriym,pmjones,harikt,mtdowling,adrienbrault
Constellation,Constellation,benjamn,joneshf,demands,abrkn
Trott,Trott,joeybaker,gregmolnar,rschmukler,jugglinmike
ForbesLindesay,ForbesLindesay,visionmedia,jonathanong,stephenmathieson,guille
andris9,andris9,meteormatt,chris-rock,zaach,jirwin
WebReflection,WebReflection,discordier,aschempp,Toflar,backbone87
alimony,alimony,scottgonzalez,aaugustin,brutasse,jzaefferer
emanwebdev,emanwebdev,WinterSilence,cebe,dg,tonydspaniard
joeybaker,joeybaker,leplatrem,tychoish,gustavohenke,ebidel
justincampbell,justincampbell,reset,mbautin,sethvargo,tmatilai
alsotang,alsotang,dead-horse,fengmk2,meteormatt,JacksonTian
drnic,drnic,coderanger,fnichol,arangamani,andypiper
konklone,konklone,benbalter,sferik,edsu,adelevie
brutasse,brutasse,selwin,jezdez,IgorMinar,aaugustin
clkao,clkao,caitp,phuu,remy,IgorMinar
CloCkWeRX,CloCkWeRX,gauthierm,cweiske,saltybeagle,mattupstate
sheerun,sheerun,mistydemeo,jasonkarns,xaviershay,deiga
feross,feross,substack,vvo,defunctzombie,juliangruber
ebryn,ebryn,stefanpenner,machty,fivetanley,trek
ohadlevy,ohadlevy,abenari,GregSutcliffe,ares,lzap
airportyh,airportyh,jfromaniello,papandreou,teddyzeenny,fivetanley
Asmod4n,Asmod4n,tarcieri,digitalextremist,gustavohenke,patrickkettner
jverdeyen,jverdeyen,jockri,wimvds,roderik,doublerr
lincolnthree,lincolnthree,gastaldi,VineetReynolds,jharting,Sanne
printercu,printercu,rlidwka,ScotterC,tamird,robertomiranda
maxlinc,maxlinc,carlossg,zimbatm,soulcutter,hectcastro
AgelxNash,AgelxNash,dmi3yy,bezumkin,Jako,jpdevries
mafintosh,mafintosh,skeggse,sam-github,yorkie,kesla
prathamesh-sonpatki,prathamesh-sonpatki,SamSaffron,garysweaver,tenderlove,schneems
vuntz,vuntz,tboerger,dirkmueller,arkadykanevsky,VictorLowther
calvinmetcalf,calvinmetcalf,tmcw,jfirebaugh,leplatrem,springmeyer
todb-r7,todb-r7,jvazquez-r7,titanous,solnic,LeaVerou
guilleiguaran,guilleiguaran,robertomiranda,gsamokovarov,rafaelfranca,kares
discordier,discordier,backbone87,tristanlins,andreasisaak,Toflar
gkellogg,gkellogg,jcoyne,darobin,marcoscaceres,avoinea
necolas,necolas,phuu,alrra,passy,paulirish
amatsuda,amatsuda,JuanitoFatas,zzak,charliesome,hsbt
sipayRT,sipayRT,tadatuta,narqo,dfilatov,XhmikosR
a9un9hari,a9un9hari,rexxars,igalic,dandv,Ivoz
chilijung,chilijung,samccone,jfromaniello,maurogeorge,quarterto
daniel-dgi,daniel-dgi,willtp87,nigelgbanks,jordandukart,qadan
Swatinem,Swatinem,wilmoore,MatthewMueller,benjamn,anthonyshort
3rd-Eden,3rd-Eden,Swaagie,jcrugzz,mmalecki,indexzero
searls,searls,jasonkarns,bkeepers,domenic,stephenmathieson
steveklabnik,steveklabnik,mcfiredrill,PragTob,matthewfl,SamSaffron
cldwalker,cldwalker,iloveitaly,calebthompson,mpapis,bf4
ansell,ansell,arunoda,joshk,hkdobrev,Aaron1011
tschaub,tschaub,Turbo87,nicks,isaacs,eddiemonge
zzak,zzak,charliesome,vipulnsward,PragTob,tenderlove
ScotterC,ScotterC,SamSaffron,charliesome,HeroicEric,vipulnsward
adamantivm,adamantivm,stonier,tfoote,vladikoff,bitdeli-chef
phuu,phuu,remy,necolas,Daniel-Hug,clkao
lipusz,lipusz,KocsisDaniel,shuyangzhou,topolik,rotty3000
marcellustavares,marcellustavares,matethurzo,ipeychev,robertoDiaz,moltam89
igorw,igorw,nickvergessen,fabpot,lyrixx,Seldaek
phated,phated,Contra,terinjokes,ajoslin,jdalton
ming13,ming13,cowtowncoder,stevenschlansker,pylerSM,steveklabnik
cordoval,cordoval,lsmith77,dbu,WouterJ,dantleech
darranl,darranl,stuartwdouglas,ctomc,jmesnil,jamezp
mikolalysenko,mikolalysenko,hughsk,shama,maxogden,substack
cedricziel,cedricziel,NamelessCoder,mneuhaus,gobengo,taylorotwell
samsonasik,samsonasik,Maks3w,weierophinney,ezimuel,akrabat
Toflar,Toflar,discordier,aschempp,andreasisaak,backbone87
stloyd,stloyd,pjedrzejewski,umpirsky,docteurklein,makasim
sebastianbergmann,sebastianbergmann,whatthejeff,gnugat,Ocramius,mickaelandrieu
iceniumsamples,iceniumsamples,jordanilchev,LeaVerou,rafaelfranca,markijbema
davisagli,davisagli,khink,tdesvenain,garbas,mauritsvanrees
drak,drak,cmfcmf,discordier,backbone87,tristanlins
patcon,patcon,juliandunn,fgrehm,someara,sigmavirus24
pydanny,pydanny,fcurella,akaptur,dhellmann,esoergel
jfromaniello,jfromaniello,airportyh,jaredhanson,tychoish,maurogeorge
minrk,minrk,ivanov,takluyver,jakevdp,wolever
snopoke,snopoke,yedi,biyeun,czue,dannyroberts
wjwwood,wjwwood,tfoote,dirk-thomas,stonier,abubeck
latentflip,latentflip,HenrikJoreteg,nlf,IgorMinar,petebacondarwin
lolautruche,lolautruche,pborreli,beberlei,ruudk,staabm
nicolas-bastien,nicolas-bastien,BenoitLeveque,dantleech,uwej711,WouterJ
nouiz,nouiz,yarikoptic,mrocklin,pombredanne,larsmans
thanpolas,thanpolas,briancavalier,trek,daffl,stephenplusplus
nlf,nlf,latentflip,hueniverse,hatchan,vvo
kennethreitz,kennethreitz,sigmavirus24,whit537,kevinburke,schlamar
ctomc,ctomc,stuartwdouglas,darranl,jmesnil,jamezp
kpdecker,kpdecker,patrickkettner,raphink,paulirish,guybedford
hariadi,hariadi,jonschlinkert,doowb,cvrebert,demands
cjcolvar,cjcolvar,mbklein,jcoyne,cbeer,jeremyf
nicolas-f,nicolas-f,henrikbjorn,f2prateek,eddiemonge,pezholio
raymondfeng,raymondfeng,bajtos,sam-github,yorkie,WebReflection
JorgeFerrer,JorgeFerrer,shuyangzhou,ealonso,matethurzo,laszlocsontos
gr2m,gr2m,janl,svnlto,caolan,thanpolas
guybedford,guybedford,arv,addyosmani,mzgol,jiyinyiyong
edsu,edsu,ttthanh,trangvh,nickstenning,konklone
joshmoore,joshmoore,sbesson,ctrueden,scopatz,futoase
nickboldt,nickboldt,maxandersen,dgolovin,snjeza,fbricon
JonRowe,JonRowe,myronmarston,xaviershay,alindeman,soulcutter
alexmuller,alexmuller,jabley,robyoung,roc,bradleywright
lholmquist,lholmquist,matzew,kpiwko,abstractj,danielpassos
jordansissel,jordansissel,igalic,jamtur01,paulczar,toastdriven
qadan,qadan,nigelgbanks,adam-vessey,jordandukart,daniel-dgi
schneems,schneems,tenderlove,prathamesh-sonpatki,ixti,lucasmazza
Shotclog,Shotclog,steventux,alext,vinayvinay,mnowster
joneshf,joneshf,quarterto,Constellation,DavidMikeSimon,jverdeyen
esc,esc,larsmans,pelson,rgbkrk,brutasse
tombooth,tombooth,roc,robyoung,alexmuller,annashipman
lsmith77,lsmith77,dbu,dantleech,uwej711,WouterJ
whit537,whit537,sigmavirus24,mjallday,kennethreitz,matthewfl
grncdr,grncdr,samsonasik,weierophinney,ezimuel,superdweebie
reinout,reinout,do3cc,jaraco,khink,mgedmin
PikachuEXE,PikachuEXE,gsamokovarov,iainbeeston,teeparham,ScotterC
dlackty,dlackty,gregmolnar,gdi2290,ixti,gianpaj
jakevdp,jakevdp,minrk,ivanov,takluyver,wolever
mneuhaus,mneuhaus,cedricziel,NamelessCoder,jverdeyen,alimony
kobliha,kobliha,jreidinger,lslezak,jsuchome,mvidner
ZDroid,ZDroid,wyuenho,tomByrer,just-boris,gustavohenke
sneal,sneal,someara,coderanger,kanzure,mattupstate
andreaturli,andreaturli,nacx,andrewgaul,ndeloof,waffleio
mauritsvanrees,mauritsvanrees,keul,davisagli,vangheem,garbas
springmeyer,springmeyer,yhahn,tomhughes,mistydemeo,vincentbernat
dsyer,dsyer,rwinch,olivergierke,gregturn,drnic
ljharb,ljharb,Daniel-Hug,Raynos,mathiasbynens,grncdr
wagnert,wagnert,Vinai,substack,f2prateek,eddiemonge
scottgonzalez,scottgonzalez,jzaefferer,mikesherov,alimony,Krinkle
teddyzeenny,teddyzeenny,fivetanley,machty,joliss,stefanpenner
Natim,Natim,ametaireau,jrief,toastdriven,acatton
smith,smith,danielsdeleo,lamont-granquist,schisamo,coderanger
jamezp,jamezp,darranl,jmesnil,ctomc,stuartwdouglas
petehunt,petehunt,chenglou,tgriesser,spicyj,andreypopp
particlebanana,particlebanana,mikermcneil,vanetix,bencevans,drak
marcioendo,marcioendo,LeaVerou,kpdecker,f2prateek,eddiemonge
sigmavirus24,sigmavirus24,whit537,kennethreitz,schlamar,mjallday
bezumkin,bezumkin,AgelxNash,jpdevries,Jako,bitdeli-chef
groovecoder,groovecoder,jezdez,rlr,jgmize,mythmon
timoxley,timoxley,rvagg,juliangruber,MatthewMueller,azakus
chillu,chillu,halkyon,wilr,tractorcow,nyeholt
bahamas10,bahamas10,orta,faceleg,markrickert,soffes
just-boris,just-boris,petebacondarwin,IgorMinar,caitp,ProLoser
eileenmcnaughton,eileenmcnaughton,kurund,LeaVerou,markijbema,f2prateek
TomHAnderson,TomHAnderson,Ocramius,weierophinney,bakura10,superdweebie
markrickert,markrickert,clayallsopp,colinta,soffes,alloy
bcardarella,bcardarella,machty,rjackson,twokul,teddyzeenny
vincentbernat,vincentbernat,mistydemeo,docwhat,pencil,andypiper
reedstrm,reedstrm,LeaVerou,henrikbjorn,f2prateek,eddiemonge
cowtowncoder,cowtowncoder,ming13,stevenschlansker,stuartwdouglas,nathanlws
mrocklin,mrocklin,asmeurer,moorepants,larsmans,nouiz
ranjib,ranjib,stevendanna,someara,sethvargo,jtimberman
nyeholt,nyeholt,sheadawson,chillu,halkyon,sminnee
mnowster,mnowster,vinayvinay,JordanHatch,alext,fatbusinessman
benjamn,benjamn,spicyj,amasad,Constellation,andreypopp
mikermcneil,mikermcneil,particlebanana,thlorenz,francoisfrisch,rlidwka
MauriceButler,MauriceButler,KoryNunn,demands,tofumatt,jlongster
tomhughes,tomhughes,springmeyer,iandees,yhahn,jfirebaugh
jiyinyiyong,jiyinyiyong,samccone,guybedford,Daniel-Hug,cristiandouce
paulirish,paulirish,addyosmani,desandro,alrra,patrickkettner
daguar,daguar,HeroicEric,migurski,markijbema,eviltrout
wyuenho,wyuenho,tgriesser,akre54,philfreo,tomByrer
HeroicEric,HeroicEric,eviltrout,SamSaffron,chrishunt,davidcelis
andrewgaul,andrewgaul,nacx,andreaturli,ndeloof,mcculls
danbev,danbev,abstractj,matzew,smiklosovic,kpiwko
brixen,brixen,iainbeeston,potomak,xtian,BanzaiMan
fukayatsu,fukayatsu,teeparham,mcfiredrill,bfontaine,sheerun
streeter,streeter,jaraco,coderanger,ionelmc,kylef
badboy,badboy,mislav,timoschilling,stevenharman,euforic
francoisfrisch,francoisfrisch,aadsm,Stuk,kriskowal,tschaub
tkellen,tkellen,shama,vladikoff,eddiemonge,kevinsawicki
eiel,eiel,frodsan,dmathieu,vipulnsward,rafaelfranca
tarcieri,tarcieri,digitalextremist,Asmod4n,mcfiredrill,mistydemeo
vvo,vvo,feross,kud,nlf,calvinfo
leereilly,leereilly,anatol,benbalter,iainbeeston,HenrikJoreteg
claco,claco,rcbjenkins,rackerjoe,cloudnull,invsblduck
jdurand,jdurand,huoxito,peterberkenbosch,iloveitaly,radar
aredridel,aredridel,mistydemeo,vincentbernat,terinjokes,docwhat
guillermo-carrasco,guillermo-carrasco,chapmanb,shrikeh,heuermh,pombredanne
domenic,domenic,bajtos,papandreou,teddyzeenny,kriskowal
mcollina,mcollina,rvagg,kesla,TooTallNate,juliangruber
jnunemaker,jnunemaker,eric,titanous,bkeepers,banyan
meteormatt,meteormatt,akre54,tgriesser,alsotang,jrburke
jfirebaugh,jfirebaugh,iandees,tomhughes,tmcw,tamird
maxandersen,maxandersen,nickboldt,dgolovin,snjeza,fbricon
sminnee,sminnee,halkyon,stojg,wilr,chillu
jexp,jexp,gregturn,olivergierke,pboling,pombredanne
iloveitaly,iloveitaly,futhr,peterberkenbosch,jdutil,radar
trek,trek,ebryn,machty,teddyzeenny,twokul
rpflorence,rpflorence,thomasboyt,cavneb,xtian,joliss
stdavis,stdavis,tychoish,ebidel,jmikola,patrickarlt
ipa-fmw,ipa-fmw,ipa-nhg,ipa-fxm,abubeck,tfoote
ejholmes,ejholmes,jherdman,chrishunt,garbas,krainboltgreene
abenari,abenari,ohadlevy,GregSutcliffe,ares,lzap
ametaireau,ametaireau,rfk,robhudson,wking,kylef
ipeychev,ipeychev,marcellustavares,matethurzo,JorgeFerrer,marclundgren
maximeprades,maximeprades,LeaVerou,rafaelfranca,markijbema,f2prateek
matthewp,matthewp,daffl,anthonyshort,Nami-Doc,jonschlinkert
ipa-fxm,ipa-fxm,ipa-nhg,ipa-fmw,abubeck,jihoonl
caitp,caitp,petebacondarwin,just-boris,IgorMinar,RobLoach
kyanny,kyanny,banyan,sanemat,hsbt,amatsuda
betweenbrain,betweenbrain,wilsonge,mbabker,dongilbert,Swatinem
KoryNunn,KoryNunn,MauriceButler,DamonOehlman,dsyer,Gozala
f2prateek,f2prateek,JakeWharton,johnjohndoe,pylerSM,cvrebert
chrishunt,chrishunt,HeroicEric,eviltrout,SamSaffron,davidcelis
sue445,sue445,dmathieu,charliesome,miry,kares
mibamur,mibamur,phalcon,cavneb,alexandresalome,trek
mbautin,mbautin,reset,andrewgross,tmatilai,douglaswth
jsuchome,jsuchome,rajinir,Axam,rhafer,arkadykanevsky
scribu,scribu,taylorotwell,cfoellmann,josegonzalez,parkr
bobthecow,bobthecow,mistydemeo,njam,mvriel,jugglinmike
jlongster,jlongster,kumar303,tofumatt,archananaik,cvan
adrienbrault,adrienbrault,baldurrensch,stof,mvrhov,willdurand
ttthanh,ttthanh,trangvh,discordier,DeepDiver1975,aschempp
FokkeZB,FokkeZB,BenoitLeveque,esteinborn,aik099,markrickert
roderik,roderik,wimvds,jverdeyen,jockri,willdurand
toranb,toranb,teddyzeenny,fivetanley,machty,trek
rfk,rfk,zaach,warner,ametaireau,vladikoff
bryanhiggins,bryanhiggins,jsoref,asfgit,archananaik,lholmquist
jmalloc,jmalloc,ezzatron,chenglou,crccheck,whatthejeff
ajstanley,ajstanley,MorganDawe,nigelgbanks,qadan,willtp87
anatol,anatol,robertomiranda,charliesome,leereilly,guilleiguaran
flyerhzm,flyerhzm,ScotterC,KingYes,orta,johnbellone
eddiemonge,eddiemonge,addyosmani,sindresorhus,kevva,mzgol
dahlia,dahlia,methane,kennethreitz,Peeja,defunctzombie
mezis,mezis,dmathieu,alindeman,JuanitoFatas,charliesome
jockri,jockri,wimvds,jverdeyen,roderik,h4cc
Stuk,Stuk,francoisfrisch,aadsm,kriskowal,unwiredben
banyan,banyan,kirs,xaviershay,arthurnn,alindeman
chadlung,chadlung,stevendgonzales,rcbjenkins,rackerjoe,paulczar
oncletom,oncletom,jasonkarns,alrra,MoOx,kud
pat,pat,bricker,dgoodlad,srt32,jcasimir
manuq,manuq,rafaelfranca,markijbema,f2prateek,eddiemonge
james2doyle,james2doyle,philsturgeon,EvanHahn,guybedford,rschmukler
1602,1602,jaredhanson,andreypopp,olalonde,mjhea0
joscha,joscha,just-boris,IgorMinar,jrief,mgcrea
DrkMatr1984,DrkMatr1984,LeaVerou,niwibe,markijbema,f2prateek
Swaagie,Swaagie,3rd-Eden,mmalecki,indexzero,jcrugzz
makasim,makasim,stloyd,EmmanuelVella,willdurand,cordoval
cam156,cam156,jcoyne,jeremyf,cbeer,mbklein
tmeasday,tmeasday,alexmingoia,lucasmazza,arunoda,raix
afeld,afeld,dblock,mistydemeo,gjtorikian,Irio
nubs,nubs,Rich-Harris,phalcon,cavneb,alexandresalome
pboling,pboling,jexp,garysweaver,jamielinux,tamird
LeaVerou,LeaVerou,mzgol,Munter,robwierzbowski,ahmadia
kmike,kmike,tgriesser,ivanov,takluyver,minrk
peterberkenbosch,peterberkenbosch,huoxito,radar,jdutil,futhr
umpirsky,umpirsky,pjedrzejewski,stloyd,docteurklein,BenoitLeveque
aways,aways,VlikeBanana,MightyBear007,MBQ-,Jaiglissechef-i9100
keflavich,keflavich,astrofrog,pelson,jakevdp,taldcroft
kurund,kurund,eileenmcnaughton,rosenfeld,GaryJones,garbas
jonschlinkert,jonschlinkert,doowb,hariadi,kevinsawicki,jrf0110
jamielinux,jamielinux,defunctzombie,deepak1556,caolan,gjohnson
norzechowicz,norzechowicz,dunglas,stloyd,hason,docteurklein
crynobone,crynobone,taylorotwell,AndreasHeiberg,Anahkiasen,GrahamCampbell
ctrueden,ctrueden,dscho,joshmoore,sbesson,chrishunt
Axam,Axam,rajinir,arkadykanevsky,dpaterson,cdearborn
tmcw,tmcw,jfirebaugh,calvinmetcalf,tomhughes,yhahn
jeremyf,jeremyf,jcoyne,cam156,cbeer,cjcolvar
nicolejpaz,nicolejpaz,zspencer,henrikbjorn,f2prateek,eddiemonge
sethvincent,sethvincent,groovecoder,daguar,popomore,hampelm
shuyangzhou,shuyangzhou,topolik,laszlocsontos,rotty3000,JorgeFerrer
lslezak,lslezak,jreidinger,kobliha,mvidner,jsuchome
pamval,pamval,rfellows,pentaho-nbaker,LeaVerou,dahlia
ahilles107,ahilles107,takeit,gnugat,mickaelandrieu,Seldaek
m8ttyB,m8ttyB,stephendonner,bobsilverberg,AndreiH,bebef1987
zspencer,zspencer,HeroicEric,eviltrout,SamSaffron,chrishunt
treyhunner,treyhunner,saulshanabrook,aaugustin,brutasse,rexxars
Lucariatias,Lucariatias,PunKeel,stuntguy3000,lol768,GrahamCampbell
andrewgross,andrewgross,ranjib,lamont-granquist,dadoonet,stevendanna
spiffyjr,spiffyjr,EvanDotPro,weierophinney,Ocramius,bakura10
patrickkettner,patrickkettner,akre54,alrra,tgriesser,kpdecker
alexgorbatchev,alexgorbatchev,tychoish,jaredhanson,ebidel,andreypopp
llh1,llh1,ke4,LeaVerou,dahlia,f2prateek
gvwilson,gvwilson,ahmadia,wking,scopatz,phalcon
ipa-nhg,ipa-nhg,ipa-fmw,ipa-fxm,abubeck,LeaVerou
elioschmutz,elioschmutz,ninfaj,Tschanzt,jone,maethu
mvriel,mvriel,drak,pmjones,bobthecow,philsturgeon
richo,richo,charliesome,docwhat,mistydemeo,ConradIrwin
staabm,staabm,Seldaek,willdurand,lyrixx,Ocramius
atomic-penguin,atomic-penguin,juliandunn,someara,stevendanna,JeanMertz
do3cc,do3cc,garbas,pysailor,khink,vangheem
Ocramius,Ocramius,bakura10,TomHAnderson,samsonasik,weierophinney
dmathieu,dmathieu,garysweaver,teeparham,fabiokr,charliesome
bfontaine,bfontaine,mistydemeo,Aaron1011,vincentbernat,docwhat
halfdan,halfdan,treeder,jpadilla,nijel,Peeja
adrienthebo,adrienthebo,haus,branan,hunner,MosesMendoza
mfairchild365,mfairchild365,saltybeagle,jrf0110,LeaVerou,rafaelfranca
joshbetz,joshbetz,danielbachhuber,rmccue,cfoellmann,scribu
fcurella,fcurella,pydanny,toastdriven,brutasse,alex
willmot,willmot,joehoyle,mattheu,danielbachhuber,jeremyfelt
shane-tomlinson,shane-tomlinson,seanmonstar,pdehaan,zaach,lightsofapollo
stuntguy3000,stuntguy3000,lol768,Lucariatias,PunKeel,gegere
hemanth,hemanth,remy,addyosmani,kevva,Daniel-Hug
rgrp,rgrp,domoritz,stefanw,nickstenning,metaodi
mcepl,mcepl,jbrooksuk,jprice,jrburke,shane-tomlinson
Sanne,Sanne,gunnarmorling,vjuranek,lincolnthree,normanmaurer
jamtur01,jamtur01,jordansissel,portertech,fnichol,apenney
abubeck,abubeck,ipa-nhg,ipa-fxm,ipa-fmw,tfoote
Nami-Doc,Nami-Doc,tgriesser,paulmillr,akre54,forkbot
splitbrain,splitbrain,dokuwiki-translate,Klap-in,mprins,michitux
cloudedge,cloudedge,cdearborn,VictorLowther,waynepallen,dpaterson
vicb,vicb,gnugat,fabpot,mvrhov,guilhermeblanco
ezzatron,ezzatron,jmalloc,denis-sokolov,Maks3w,gnugat
whatthejeff,whatthejeff,sebastianbergmann,igorw,chenglou,jmalloc
jvazquez-r7,jvazquez-r7,todb-r7,titanous,solnic,LeaVerou
tagomoris,tagomoris,sonots,repeatedly,sawanoboly,jiyinyiyong
euforic,euforic,olalonde,gjohnson,cristiandouce,bengourley
abrkn,abrkn,Constellation,alexgorbatchev,quarterto,terinjokes
sonots,sonots,tagomoris,abenari,ohadlevy,eLobato
normanmaurer,normanmaurer,stuartwdouglas,ctomc,Sanne,matzew
mgcrea,mgcrea,just-boris,IgorMinar,petebacondarwin,wyuenho
bkeepers,bkeepers,abenari,Peeja,ohadlevy,lucasmazza
cbeer,cbeer,jcoyne,jeremyf,cam156,cjcolvar
tractorcow,tractorcow,halkyon,wilr,chillu,sheadawson
pentaho-nbaker,pentaho-nbaker,rfellows,pamval,LeaVerou,dahlia
robinboehm,robinboehm,janantala,PascalPrecht,btford,IgorMinar
codjo,codjo,LeaVerou,niwibe,markijbema,f2prateek
sander1,sander1,shopgirl284,pencil,mbostock,niwibe
patrickarlt,patrickarlt,stdavis,joeybaker,leplatrem,tbranyen
ktmud,ktmud,JacksonTian,coderhaoxin,mattupstate,mgaitan
youxiachai,youxiachai,JacksonTian,meteormatt,alsotang,jeffharrell
rmccue,rmccue,pippinsplugins,KingYes,aaronjorbin,joshbetz
JangoSteve,JangoSteve,ai,teeparham,robertomiranda,miry
LaurentGoderre,LaurentGoderre,nschonni,asciidisco,kud,andrew
thoop,thoop,bakura10,mcollina,MoOx,kud
niwibe,niwibe,zyegfryed,fcurella,brutasse,streeter
coderhaoxin,coderhaoxin,JacksonTian,tychoish,ktmud,ebidel
docteurklein,docteurklein,stloyd,umpirsky,pjedrzejewski,thewilkybarkid
mlandauer,mlandauer,iainbeeston,dracos,loopj,CloCkWeRX
markijbema,markijbema,kytrinyx,eviltrout,wilmoore,daguar
kevinburke,kevinburke,schlamar,mattupstate,kennethreitz,ivanov
franzliedke,franzliedke,taylorotwell,DeepDiver1975,AndreasHeiberg,discordier
jrief,jrief,yakky,IgorMinar,just-boris,acatton
akaptur,akaptur,pydanny,justinabrahms,esoergel,afeld
avoinea,avoinea,tdesvenain,jean,bosim,do3cc
lukasgraf,lukasgraf,ninfaj,jone,elioschmutz,deiferni
deiga,deiga,mistydemeo,mislav,docwhat,vincentbernat
jhoblitt,jhoblitt,apenney,hunner,adrienthebo,ghoneycutt
lipis,lipis,spicyj,benilovj,ProLoser,cvrebert
wvanbergen,wvanbergen,arthurnn,snopoke,alloy,yedi
Robert-Frampton,Robert-Frampton,blzaugg,natecavanaugh,jbalsas,pat270
jamesward,jamesward,ProLoser,mgcrea,mikesherov,glebm
tlvince,tlvince,wilmoore,jasonkarns,mistydemeo,vincentbernat
dannyroberts,dannyroberts,czue,biyeun,snopoke,yedi
rjocoleman,rjocoleman,parndt,gvwilson,someara,schisamo
dankilman,dankilman,ivanov,takluyver,minrk,wolever
michaelklishin,michaelklishin,henrikhodne,joshk,sferik,mistydemeo
cvan,cvan,kumar303,robhudson,andymckay,tofumatt
SimonSapin,SimonSapin,Constellation,darobin,Swatinem,cristiandouce
EmmanuelVella,EmmanuelVella,uwej711,dantleech,WouterJ,dbu
ebidel,ebidel,azakus,arv,tychoish,jmikola
jubianchi,jubianchi,Hywan,adrienbrault,stephpy,nfroidure
juliandunn,juliandunn,someara,sethvargo,jtimberman,btm
dgolovin,dgolovin,snjeza,nickboldt,maxandersen,fbricon
codeinthehole,codeinthehole,elbaschid,alsotang,WoLpH,acatton
mhor,mhor,mvrhov,rdohms,hason,henrikbjorn
joschi,joschi,jlambert121,igalic,jdillon,nirvdrum
eLobato,eLobato,abenari,GregSutcliffe,ohadlevy,ares
alex,alex,dstufft,mattrobenolt,Ivoz,coderanger
nuest,nuest,matthesrieke,rafaelfranca,markijbema,f2prateek
Neamar,Neamar,toranb,brutasse,nemesisdesign,niwibe
rchavik,rchavik,markstory,real34,dereuromark,AD7six
kylef,kylef,orta,alloy,wking,jakevdp
jdeolive,jdeolive,mprins,mistydemeo,vincentbernat,docwhat
yhahn,yhahn,springmeyer,tomhughes,tmcw,stevenharman
alindeman,alindeman,JonRowe,myronmarston,soulcutter,xaviershay
janantala,janantala,robinboehm,PascalPrecht,ajoslin,eddiemonge
sawanoboly,sawanoboly,douglaswth,btm,schisamo,danielsdeleo
portertech,portertech,fnichol,jamtur01,jlambert121,arangamani
PragTob,PragTob,zzak,steveklabnik,rkh,kerrizor
johnnyhowey,johnnyhowey,csierra,pure59,migue,mhan810
willkg,willkg,rlr,mythmon,robhudson,jgmize
pitr-ch,pitr-ch,komidore64,iNecas,ehelms,ares
tgriesser,tgriesser,akre54,wyuenho,philfreo,jrburke
lonnen,lonnen,peterbe,mythmon,jgmize,m8ttyB
masarakki,masarakki,charliesome,dmathieu,hsbt,amatsuda
glogiotatidis,glogiotatidis,pmclanahan,Osmose,jgmize,rlr
wimvds,wimvds,jockri,jverdeyen,roderik,robocoder
marcoscaceres,marcoscaceres,darobin,Constellation,gkellogg,SimonSapin
matthewfl,matthewfl,mjallday,mahmoudimus,steveklabnik,whit537
kud,kud,MoOx,nfroidure,paulmillr,tgriesser
nicks,nicks,tschaub,andreypopp,ForbesLindesay,rotty3000
acatton,acatton,saulshanabrook,jrief,toastdriven,codeinthehole
gregcaporaso,gregcaporaso,ivanov,minrk,takluyver,wolever
kares,kares,charliesome,guilleiguaran,garysweaver,zzak
solnic,solnic,mbj,todb-r7,titanous,jvazquez-r7
zaach,zaach,rfk,shane-tomlinson,vladikoff,pdehaan
mahmoudimus,mahmoudimus,matthewfl,mjallday,whit537,steveklabnik
elia,elia,ai,iainbeeston,infininight,wyuenho
hectcastro,hectcastro,maxlinc,carlossg,johnbellone,juliandunn
lmacken,lmacken,ralphbean,pypingou,CodeBlock,tychoish
dcarley,dcarley,philandstuff,nickstenning,annashipman,tombooth
stevendgonzales,stevendgonzales,chadlung,cloudnull,claco,rcbjenkins
bdvholmes,bdvholmes,buckett,LeaVerou,henrikbjorn,f2prateek
warner,warner,rfk,zaach,pdehaan,dstufft
jbalsas,jbalsas,lipusz,natecavanaugh,blzaugg,KocsisDaniel
joefiorini,joefiorini,machty,fivetanley,stefanpenner,xtian
gsaunier,gsaunier,LeaVerou,rafaelfranca,markijbema,f2prateek
gjohnson,gjohnson,jcrugzz,aheckmann,3rd-Eden,visionmedia
sbesson,sbesson,joshmoore,ctrueden,aspiers,bitdeli-chef
coderaiser,coderaiser,arunoda,gkorland,yorkie,sam-github
pippinsplugins,pippinsplugins,rmccue,GaryJones,aaronjorbin,LeaVerou
GaryJones,GaryJones,pippinsplugins,taylorotwell,cfoellmann,franzliedke
unwiredben,unwiredben,XhmikosR,ixti,caitp,Stuk
marclundgren,marclundgren,ipeychev,moltam89,marcellustavares,blzaugg
toastdriven,toastdriven,acdha,zyegfryed,elbaschid,acatton
cmfcmf,cmfcmf,drak,discordier,aschempp,backbone87
oleg-nenashev,oleg-nenashev,ikedam,jglick,imod,stephenc
prashtx,prashtx,hampelm,patrickkettner,lipis,alrra
esteinborn,esteinborn,BenoitLeveque,aik099,markrickert,FokkeZB
weakish,weakish,samccone,jiyinyiyong,mikeal,dead-horse
andrew,andrew,gregmolnar,phoet,LaurentGoderre,tamird
shouze,shouze,stephpy,alexandresalome,mickaelandrieu,lyrixx
seejohnrun,seejohnrun,mtdowling,afeld,marcqualie,glebm
jdan,jdan,shouze,alloy,orta,dmathieu
thomasleveil,thomasleveil,miracle2k,ejholmes,bitdeli-chef,rafaelfranca
nathanlws,nathanlws,cowtowncoder,LeaVerou,niwibe,markijbema
igrigorik,igrigorik,ConradIrwin,gjtorikian,Irio,ixti
kiorky,kiorky,tdesvenain,elbaschid,s0undt3ch,keul
bueltge,bueltge,aaronjorbin,cfoellmann,benbalter,rafaelfranca
methane,methane,bruth,dahlia,djmitche,rfk
blzaugg,blzaugg,natecavanaugh,jbalsas,Robert-Frampton,marclundgren
Krinkle,Krinkle,jzaefferer,mikesherov,scottgonzalez,mzgol
olivergierke,olivergierke,gregturn,rwinch,dsyer,nebhale
shopgirl284,shopgirl284,sander1,pencil,mbostock,niwibe
jrburke,jrburke,asutherland,akre54,tgriesser,RobLoach
vilmospapp,vilmospapp,brianchandotcom,KocsisDaniel,lipusz,rotty3000
ronanguilloux,ronanguilloux,schmittjoh,egeloen,nicolas-bastien,Bladrak
davidcelis,davidcelis,HeroicEric,SamSaffron,vipulnsward,eviltrout
thewilkybarkid,thewilkybarkid,mtdowling,aik099,mickaelandrieu,Seldaek
takeit,takeit,ahilles107,LeaVerou,rafaelfranca,markijbema
stephenc,stephenc,ndeloof,jglick,kohsuke,wedaly
rogerhu,rogerhu,mattrobenolt,dcramer,zimbatm,nesquena
Jaiglissechef-i9100,Jaiglissechef-i9100,VlikeBanana,aways,MBQ-,MightyBear007
camspiers,camspiers,tractorcow,chenglou,unclecheese,thewilkybarkid
narqo,narqo,tadatuta,sipayRT,dfilatov,alexmingoia
bjornstar,bjornstar,ronkorving,sam-github,yorkie,MatthewMueller
topolik,topolik,shuyangzhou,laszlocsontos,rotty3000,KocsisDaniel
sidorares,sidorares,rvagg,timoxley,twilson63,demands
zyegfryed,zyegfryed,toastdriven,niwibe,streeter,dongweiming
serby,serby,bengourley,OliverJAsh,jaredly,ForbesLindesay
cfoellmann,cfoellmann,scribu,bueltge,GaryJones,joshbetz
rlr,rlr,pmclanahan,mythmon,jgmize,groovecoder
matthias-guenther,matthias-guenther,nesquena,JonRowe,soulcutter,minad
nijel,nijel,phalcon,cavneb,alexandresalome,trek
jharting,jharting,darranl,stuartwdouglas,discordier,jamezp
potomak,potomak,machty,phalcon,cavneb,alexandresalome
kissygallery,kissygallery,anthonyshort,MatthewMueller,alexmingoia,mickaelandrieu
jbrooksuk,jbrooksuk,sheerun,mcepl,Daniel-Hug,jverdeyen
frankrousseau,frankrousseau,jsilvestre,aenario,defunctzombie,torandu
esoergel,esoergel,yedi,biyeun,snopoke,czue
aadsm,aadsm,francoisfrisch,Stuk,kriskowal,cesine
doowb,doowb,jonschlinkert,hariadi,vesln,tkellen
Munter,Munter,papandreou,LeaVerou,nfroidure,vvo
ADmad,ADmad,lorenzo,AD7six,dereuromark,markstory
robertkowalski,robertkowalski,isaacs,rlidwka,mmalecki,bajtos
joliss,joliss,teddyzeenny,machty,stefanpenner,ebryn
arangamani,arangamani,douglaswth,schisamo,fnichol,lamont-granquist
robertomiranda,robertomiranda,guilleiguaran,rafaelfranca,tamird,kirs
chenglou,chenglou,petehunt,spicyj,briancavalier,RobinvdVleuten
simonwex,simonwex,Pomax,alicoding,jrburke,k88hudson
mekarpeles,mekarpeles,Zearin,jfromaniello,maurogeorge,edsu
pure59,pure59,migue,zsagia,mdelapenya,brianchandotcom
maurogeorge,maurogeorge,gabebw,Irio,jfromaniello,Peeja
fbricon,fbricon,dgolovin,snjeza,maxandersen,nickboldt
chrisdickinson,chrisdickinson,maxogden,hughsk,justinabrahms,substack
aik099,aik099,stof,alexandresalome,thewilkybarkid,BenoitLeveque
dstufft,dstufft,alex,Ivoz,reaperhulk,mattrobenolt
aspiers,aspiers,waynepallen,VictorLowther,rhafer,vuntz
calebthompson,calebthompson,gabebw,charliesome,dmathieu,garysweaver
Remo,Remo,BenoitLeveque,esteinborn,aik099,FokkeZB
gregturn,gregturn,olivergierke,dsyer,mistydemeo,vincentbernat
teeparham,teeparham,garysweaver,dmathieu,prathamesh-sonpatki,guilleiguaran
miracle2k,miracle2k,s0undt3ch,gthb,jaraco,methane
mnapoli,mnapoli,beberlei,guilhermeblanco,schmittjoh,Ocramius
JustinSGray,JustinSGray,Kenneth-T-Moore,rexxars,dandv,dracos
VictorLowther,VictorLowther,waynepallen,cloudedge,cdearborn,tboerger
digitalextremist,digitalextremist,tarcieri,Asmod4n,potomak,benlangfeld
jbuck,jbuck,cadecairos,k88hudson,Pomax,ScottDowne
jlambert121,jlambert121,igalic,hunner,adrienthebo,portertech
pjedrzejewski,pjedrzejewski,umpirsky,stloyd,docteurklein,pborreli
iandees,iandees,tomhughes,jfirebaugh,tmcw,mrshu
unclecheese,unclecheese,tractorcow,chillu,halkyon,sminnee
nschonni,nschonni,LaurentGoderre,sindresorhus,robwierzbowski,SBoudrias
skottler,skottler,ares,GregSutcliffe,domcleal,ohadlevy
mjumbewu,mjumbewu,tgriesser,akre54,paulmillr,nemesisdesign
rosenfeld,rosenfeld,charliesome,gsamokovarov,zzak,guilleiguaran
tdesvenain,tdesvenain,davisagli,vangheem,avoinea,do3cc
hsbt,hsbt,charliesome,amatsuda,zzak,rmm5t
lorenzo,lorenzo,AD7six,dereuromark,ADmad,markstory
kpiwko,kpiwko,lholmquist,abstractj,matzew,smiklosovic
stephendonner,stephendonner,AndreiH,bobsilverberg,bebef1987,m8ttyB
danielbeardsley,danielbeardsley,dmathieu,SamSaffron,ugisozols,simi
dracos,dracos,alexmuller,annashipman,jabley,benilovj
rlidwka,rlidwka,robertkowalski,isaacs,bajtos,printercu
lynnaloo,lynnaloo,bendiy,reinout,dereuromark,thlorenz
ruudk,ruudk,adrianmacneil,gegere,henrikbjorn,lsmith77
jcrugzz,jcrugzz,3rd-Eden,indexzero,mmalecki,Swaagie
fabiokr,fabiokr,jmazzi,dmathieu,garysweaver,gabebw
Vinai,Vinai,paales,diglin,rjocoleman,Maks3w
iNecas,iNecas,ares,pitr-ch,komidore64,lzap
kesla,kesla,juliangruber,mcollina,mistydemeo,rvagg
henrikhodne,henrikhodne,joshk,Aaron1011,rkh,BanzaiMan
mathiasbynens,mathiasbynens,benjamn,jdalton,alrra,wilmoore
thedrow,thedrow,Aaron1011,mislav,kennethreitz,toastdriven
mattrobenolt,mattrobenolt,dcramer,alex,gthb,dstufft
mapleoin,mapleoin,saschpe,vuntz,dirkmueller,arkadykanevsky
JustinAiken,JustinAiken,benlangfeld,minad,LeaVerou,rafaelfranca
larsmans,larsmans,esc,asmeurer,mrocklin,moorepants
gsamokovarov,gsamokovarov,guilleiguaran,tgriesser,akre54,jrburke
rschmukler,rschmukler,MatthewMueller,alexmingoia,anthonyshort,Swatinem
blkperl,blkperl,hunner,apenney,bodepd,haus
amiel,amiel,pmclanahan,gauthierm,rlr,rpflorence
mhan810,mhan810,epgarcia,robertoDiaz,KocsisDaniel,mdelapenya
mikeal,mikeal,davglass,demands,hueniverse,weakish
s0undt3ch,s0undt3ch,gthb,cvrebert,mistydemeo,dongweiming
branan,branan,MosesMendoza,haus,adrienthebo,djmitche
Irio,Irio,Peeja,jasonkarns,dmathieu,schneems
remy,remy,phuu,Daniel-Hug,hemanth,clkao
alfredodeza,alfredodeza,dhellmann,Turbo87,whit537,saschpe
alanshaw,alanshaw,janl,XhmikosR,caolan,isaacs
jherdman,jherdman,trek,teddyzeenny,machty,ebryn
VineetReynolds,VineetReynolds,gastaldi,rafabene,sgilda,lincolnthree
yarikoptic,yarikoptic,nouiz,matthew-brett,minrk,takluyver
AD7six,AD7six,lorenzo,ADmad,dereuromark,rchavik
stojg,stojg,halkyon,sminnee,chillu,tractorcow
CodeBlock,CodeBlock,ralphbean,lmacken,pypingou,wyuenho
kumar303,kumar303,andymckay,cvan,robhudson,tofumatt
mpapis,mpapis,kirs,simi,tenderlove,phalcon
mitar,mitar,arunoda,raix,alsotang,dandv
chapmanb,chapmanb,heuermh,minrk,ivanov,guillermo-carrasco
mbeall,mbeall,henrikbjorn,mzgol,robwierzbowski,koenpunt
infininight,infininight,elia,kevinsawicki,akrabat,kevva
cbotsikas,cbotsikas,aldafu,tkellen,Dignifiedquire,jgable
biyeun,biyeun,yedi,snopoke,dannyroberts,czue
mislav,mislav,mistydemeo,stevenharman,deiga,docwhat
zsagia,zsagia,pure59,migue,brunobasto,mdelapenya
jprice,jprice,yakky,gnugat,mickaelandrieu,Seldaek
philandstuff,philandstuff,dcarley,jamiecobbett,fatbusinessman,annashipman
briancavalier,briancavalier,trek,thanpolas,daffl,stephenplusplus
eduardolundgren,eduardolundgren,pat270,blzaugg,brunobasto,Robert-Frampton
lol768,lol768,stuntguy3000,PunKeel,Lucariatias,AndreasHeiberg
skeggse,skeggse,mafintosh,olalonde,gjohnson,alsotang
migue,migue,pure59,mdelapenya,brianchandotcom,zsagia
ghoneycutt,ghoneycutt,jhoblitt,apenney,adrienthebo,hunner
moorepants,moorepants,asmeurer,mrocklin,larsmans,rlidwka
yakky,yakky,jrief,meshy,ionelmc,jprice
zenspider,zenspider,tenderlove,zzak,mistydemeo,kou
Peeja,Peeja,lucasmazza,bkeepers,kirs,banyan
mistydemeo,mistydemeo,docwhat,pencil,vincentbernat,andypiper
deiferni,deiferni,maethu,Tschanzt,jone,ninfaj
darobin,darobin,marcoscaceres,Osmose,jcrugzz,xtian
docwhat,docwhat,mistydemeo,vincentbernat,andypiper,pencil
balupton,balupton,3rd-Eden,jcrugzz,ZDroid,jprichardson
blaugueux,blaugueux,stof,mvrhov,baldurrensch,Seldaek
PunKeel,PunKeel,taylorotwell,Lucariatias,lol768,AndreasHeiberg
faceleg,faceleg,orta,freewil,bfontaine,jlongster
pysailor,pysailor,do3cc,garbas,khink,deiferni
nonZero,nonZero,pydanny,kennethreitz,rgbkrk,esc
burzum,burzum,rchavik,dereuromark,lorenzo,real34
domoritz,domoritz,rgrp,mistydemeo,metaodi,stefanw
jcasimir,jcasimir,kytrinyx,srt32,igalic,kerrizor
jaraco,jaraco,streeter,coderanger,dongweiming,mattupstate
kanzure,kanzure,ivanov,minrk,takluyver,sneal
Tschanzt,Tschanzt,maethu,elioschmutz,jone,ninfaj
alexandresalome,alexandresalome,mickaelandrieu,lyrixx,shouze,phalcon
bosim,bosim,davisagli,khink,keul,garbas
gustavohenke,gustavohenke,Asmod4n,ZDroid,joeybaker,ProLoser
aenario,aenario,jsilvestre,frankrousseau,waffleio,rafaelfranca
matethurzo,matethurzo,samuelkong,JorgeFerrer,robertoDiaz,marcellustavares
caolan,caolan,janl,ryanramage,svnlto,gr2m
jgmize,jgmize,pmclanahan,Osmose,rlr,glogiotatidis
zuazo,zuazo,btm,schisamo,lamont-granquist,andrewgross
RWOverdijk,RWOverdijk,Ocramius,samsonasik,superdweebie,spiffyjr
CTLocalGovTeam,CTLocalGovTeam,LeaVerou,dahlia,dandv,markijbema
ryandub,ryandub,rgbkrk,jirwin,juliandunn,jaraco
jpadilla,jpadilla,treeder,adelevie,Peeja,quarterto
benbalter,benbalter,aaronjorbin,gjtorikian,konklone,parkr
wking,wking,ahmadia,ivanov,gvwilson,jakevdp
stevendanna,stevendanna,ranjib,jtimberman,someara,sethvargo
robwierzbowski,robwierzbowski,patrickkettner,parkr,mzgol,nschonni
adelevie,adelevie,treeder,jpadilla,gjtorikian,konklone
jasonkarns,jasonkarns,wilmoore,saulshanabrook,tlvince,searls
pencil,pencil,mistydemeo,vincentbernat,docwhat,andypiper
jackfranklin,jackfranklin,mnowster,steventux,vinayvinay,alext
cristiandouce,cristiandouce,rubenv,defunctzombie,jiyinyiyong,Gozala
mrshu,mrshu,ivanov,minrk,takluyver,jakevdp
stephenmathieson,stephenmathieson,visionmedia,ForbesLindesay,papandreou,mikesherov
edewit,edewit,snjeza,danbev,lholmquist,danielpassos
arokem,arokem,ivanov,matthew-brett,ahmadia,gvwilson
blackjid,blackjid,dgoodlad,wfarr,haus,afeld
real34,real34,rchavik,AD7six,dereuromark,burzum
RyanTech,RyanTech,JakeWharton,kylef,f2prateek,rjocoleman
komidore64,komidore64,pitr-ch,ehelms,iNecas,ares
philfreo,philfreo,tgriesser,akre54,wyuenho,koenpunt
danielsdeleo,danielsdeleo,lamont-granquist,smith,schisamo,btm
pelson,pelson,ivanov,takluyver,minrk,matthew-brett
jeremeamia,jeremeamia,mtdowling,AndreasHeiberg,denis-sokolov,adrianmacneil
BanzaiMan,BanzaiMan,henrikhodne,joshk,rkh,simi
EvanHahn,EvanHahn,joeybaker,paulirish,guybedford,addyosmani
rexxars,rexxars,akrabat,jeremeamia,mtdowling,thewilkybarkid
mvrhov,mvrhov,guilhermeblanco,hason,schmittjoh,gnugat
aaronjorbin,aaronjorbin,benbalter,bueltge,rmccue,pippinsplugins
MoOx,MoOx,kud,nfroidure,jasonkarns,sapegin
SBoudrias,SBoudrias,tbranyen,kevva,addyosmani,sindresorhus
titanous,titanous,todb-r7,Irio,solnic,jdurand
gastaldi,gastaldi,VineetReynolds,lincolnthree,smiklosovic,rafabene
tofumatt,tofumatt,cvan,robhudson,kumar303,jlongster
desandro,desandro,RobLoach,paulirish,necolas,wyuenho
ehelms,ehelms,pitr-ch,komidore64,iNecas,ares
Bartvds,Bartvds,jasonkarns,rlidwka,jgable,Constellation
lucasmazza,lucasmazza,rafaelfranca,Peeja,tenderlove,miry
cavneb,cavneb,xtian,twokul,machty,ebryn
EvanDotPro,EvanDotPro,akrabat,spiffyjr,weierophinney,Ocramius
ionelmc,ionelmc,dongweiming,yakky,streeter,kylef
masondesu,masondesu,parkr,stevenharman,maurogeorge,ScotterC
Dignifiedquire,Dignifiedquire,vojtajina,gjtorikian,amasad,rpflorence
aheckmann,aheckmann,tychoish,gjohnson,gianpaj,jmikola
garak,garak,shieldo,willdurand,WouterJ,Seldaek
mjhea0,mjhea0,freewil,1602,jaredhanson,tschaub
uwej711,uwej711,dantleech,dbu,WouterJ,shieldo
bodepd,bodepd,blkperl,hunner,apenney,jlambert121
twilson63,twilson63,EvanHahn,sidorares,bitdeli-chef,dahlia
snjeza,snjeza,dgolovin,maxandersen,fbricon,nickboldt
KenanY,KenanY,Swatinem,vanetix,chilijung,wilmoore
codekitchen,codekitchen,xaviershay,digitalextremist,cavneb,SamSaffron
bebraw,bebraw,jamielinux,igrigorik,sebastianbergmann,alanshaw
vanetix,vanetix,particlebanana,demands,aredridel,Swatinem
seanmonstar,seanmonstar,shane-tomlinson,pdehaan,zaach,mmalecki
annashipman,annashipman,philandstuff,tombooth,alexmuller,dcarley
takluyver,takluyver,ivanov,minrk,wolever,jakevdp
selwin,selwin,brutasse,sodabrew,bruth,saulshanabrook
timoschilling,timoschilling,arthurnn,matthewford,badboy,jpmckinney
anjackson,anjackson,mistydemeo,vincentbernat,docwhat,pencil
diglin,diglin,Vinai,paales,alexandresalome,AbrarSyed
nesquena,nesquena,matthias-guenther,rogerhu,mcfiredrill,minad
retr0h,retr0h,torandu,mapleoin,doublerr,saschpe
sodabrew,sodabrew,MosesMendoza,haus,branan,GregSutcliffe
bencevans,bencevans,particlebanana,LeaVerou,Peeja,domoritz
secondsun,secondsun,danielpassos,smiklosovic,matzew,abstractj
bengourley,bengourley,serby,OliverJAsh,rubenv,olalonde
r7kamura,r7kamura,sanemat,banyan,alindeman,eventualbuddha
JohnMcLear,JohnMcLear,rgbkrk,simong,cebe,HenrikJoreteg
amasad,amasad,benjamn,Dignifiedquire,cristiandouce,RReverser
remiprev,remiprev,pencil,mistydemeo,JuanitoFatas,mislav
bf4,bf4,sferik,tamird,markijbema,mpapis
gegere,gegere,stuntguy3000,treeder,ruudk,Anahkiasen
Daniel-Hug,Daniel-Hug,remy,ericf,potomak,ljharb
andypiper,andypiper,mistydemeo,nebhale,vincentbernat,docwhat
Klap-in,Klap-in,dokuwiki-translate,michitux,splitbrain,mprins
mattupstate,mattupstate,coderanger,kevinburke,bcoe,tas50
ivanov,ivanov,minrk,takluyver,jakevdp,wolever
laszlocsontos,laszlocsontos,shuyangzhou,topolik,rotty3000,JorgeFerrer
machty,machty,twokul,teddyzeenny,fivetanley,stefanpenner
daffl,daffl,briancavalier,trek,stephenplusplus,passy
stephpy,stephpy,shouze,gnugat,mickaelandrieu,jdan
ajoslin,ajoslin,PascalPrecht,petebacondarwin,ProLoser,just-boris
aschempp,aschempp,Toflar,discordier,backbone87,tristanlins
DamonOehlman,DamonOehlman,KoryNunn,hughsk,dominictarr,Constellation
jprichardson,jprichardson,wyuenho,tomByrer,balupton,stephenmathieson
djmitche,djmitche,haus,MosesMendoza,branan,adrienthebo
jrf0110,jrf0110,phalcon,cavneb,alexandresalome,trek
MosesMendoza,MosesMendoza,haus,branan,adrienthebo,djmitche
Rich-Harris,Rich-Harris,briancavalier,nubs,trek,wyuenho
baldurrensch,baldurrensch,adrienbrault,Seldaek,blaugueux,h4cc
K-Phoen,K-Phoen,eymengunay,willdurand,eko,EmmanuelVella
chulkilee,chulkilee,schisamo,juliandunn,johnbellone,reset
rwinch,rwinch,dsyer,olivergierke,gregturn,prathamesh-sonpatki
MBQ-,MBQ-,aways,VlikeBanana,Jaiglissechef-i9100,MightyBear007
kizu,kizu,sapegin,Zearin,dg,dfilatov
dominikzogg,dominikzogg,aschempp,tristanlins,backbone87,discordier
