btm,btm,miry,sanemat,rafaelfranca,xaviershay
defunctzombie,defunctzombie,glebm,gdi2290,kesla,terinjokes
ealonso,ealonso,robertoDiaz,shuyangzhou,laszlocsontos,topolik
ahmadia,ahmadia,wking,rgbkrk,robyoung,thedrow
treeder,treeder,tombooth,djmitche,annashipman,mattupstate
jeremyfelt,jeremyfelt,gegere,danielbeardsley,loopj,RobinvdVleuten
peterbe,peterbe,davisagli,Natim,Tschanzt,ninfaj
dereuromark,dereuromark,BenoitLeveque,harikt,ezzatron,mnapoli
stewart,stewart,tomhughes,bencevans,halfdan,edgarSilva
andymckay,andymckay,elioschmutz,tdesvenain,pmclanahan,esc
andylyall,DrkMatr1984,andylyall,Lucariatias,tterrag1098,codjo
Turbo87,Turbo87,CodeBlock,scopatz,nickstenning,konklone
justinabrahms,justinabrahms,lbjay,migurski,matthewfl,warner
ruebot,ruebot,h4cc,weierophinney,BenoitLeveque,taylorotwell
cvrebert,cvrebert,mattrobenolt,forkbot,Zearin,MoOx
shrikeh,shrikeh,CloCkWeRX,RobinvdVleuten,roderik,camspiers
domcleal,domcleal,grosser,charliesome,kirs,rafaelfranca
juliocamarero,juliocamarero,sergiogonzalez,jonmak08,hhuijser,moltam89
arunoda,arunoda,zaach,mcollina,unwiredben,joscha
ai,ai,andrew,janl,demands,ixti
bobsilverberg,bobsilverberg,treyhunner,acdha,biyeun,yedi
taylorotwell,taylorotwell,mickaelandrieu,Maks3w,dominikzogg,ruebot
Contra,Contra,mcollina,unwiredben,arunoda,zaach
dantleech,dantleech,shieldo,stloyd,adrienbrault,uwej711
jreidinger,jreidinger,branan,lslezak,bodepd,MosesMendoza
chris-rock,chris-rock,jfirebaugh,deepak1556,arian,robwierzbowski
alrra,alrra,ebidel,jfromaniello,mitar,jiyinyiyong
vojtajina,vojtajina,JacksonTian,oncletom,jgable,hughsk
Eric-Brison,Eric-Brison,real34,GaryJones,brendo,Jako
deepak1556,deepak1556,jfirebaugh,Daniel-Hug,arian,chris-rock
tansaku,tansaku,matthias-guenther,cldwalker,leereilly,codekitchen
trangvh,trangvh,matthesrieke,nuest,normanmaurer,PaulVI
epgarcia,epgarcia,KocsisDaniel,csierra,lipusz,jhinkey
tfoote,tfoote,Tschanzt,Natim,wolever,dirk-thomas
douglaswth,douglaswth,dieterdemeyer,mlafeldt,mezis,anatol
mcculls,mcculls,cstamas,MengZhang,AbrarSyed,dscho
torandu,torandu,dgoodlad,r7kamura,rafecolton,repeatedly
edgarSilva,edgarSilva,pboling,JangoSteve,cjcolvar,daguar
tas50,tas50,apenney,huoxito,schneems,tmatilai
KocsisDaniel,KocsisDaniel,epgarcia,csierra,lipusz,jhinkey
jpmckinney,jpmckinney,ivanoats,clayallsopp,rjocoleman,orta
Zearin,Zearin,benilovj,forkbot,wilmoore,josh
sergiogonzalez,sergiogonzalez,jonmak08,hhuijser,moltam89,juliocamarero
matthewford,matthewford,mcfiredrill,rosenfeld,tarcieri,teeparham
stephenplusplus,stephenplusplus,timoxley,rvagg,andreypopp,eddiemonge
akre54,akre54,davglass,ljharb,guybedford,jugglinmike
dblock,dblock,heathd,markijbema,Shotclog,davidcelis
radar,radar,JuanitoFatas,abenari,docwhat,zenspider
myronmarston,myronmarston,haus,jeremyf,garysweaver,sonots
schmittjoh,schmittjoh,adrienbrault,shieldo,stloyd,dantleech
leplatrem,leplatrem,ktmud,garbados,stdavis,Bryukh
matthew-andrews,matthew-andrews,KenanY,vvo,neoziro,andris9
lightsofapollo,lightsofapollo,tomByrer,wyuenho,jrburke,MatthewMueller
schisamo,schisamo,bf4,GregSutcliffe,simi,ares
btford,btford,pdehaan,k88hudson,guybedford,tschaub
bcoe,bcoe,Asmod4n,twinge,adelevie,markrickert
mbostock,mbostock,rpflorence,DamonOehlman,alsotang,jeffharrell
cstamas,cstamas,mcculls,MengZhang,andreaturli,AbrarSyed
kytrinyx,kytrinyx,jasnow,joshk,dcarley,bfontaine
pypingou,pypingou,acatton,iElectric,gthb,keul
Floppy,Floppy,pezholio,steveklabnik,alext,vuntz
bakura10,bakura10,ajstanley,umpirsky,mickaelandrieu,staabm
simong,simong,Mithgol,skeggse,LaurentGoderre,sipayRT
natecavanaugh,natecavanaugh,jbalsas,vilmospapp,blzaugg,brianchandotcom
darrencauthon,darrencauthon,flyerhzm,timoschilling,igalic,jcasimir
mojavelinux,mojavelinux,josh,benilovj,jackfranklin,springmeyer
fatbusinessman,fatbusinessman,JordanHatch,arkadykanevsky,cdearborn,cloudedge
brendo,brendo,Jako,dmi3yy,unclecheese,real34
saulshanabrook,saulshanabrook,dongweiming,msabramo,streeter,robyoung
juliangruber,juliangruber,passy,paulmillr,Raynos,substack
thlorenz,thlorenz,k88hudson,SBoudrias,pdehaan,meteormatt
petebacondarwin,petebacondarwin,ProLoser,azakus,balupton,benjamn
clefebvre,clefebvre,reedstrm,guillermo-carrasco,alfredodeza,smn
rfellows,rfellows,pentaho-nbaker,jexp,PaulVI,matthesrieke
kirs,kirs,domcleal,charliesome,grosser,rafaelfranca
fengmk2,fengmk2,wyuenho,lightsofapollo,tgriesser,domenic
jzaefferer,jzaefferer,matthewp,jeffharrell,samccone,alexmingoia
smn,smn,guillermo-carrasco,nonZero,reedstrm,metaodi
pombredanne,pombredanne,minrk,boegel,ivanov,cesine
Pomax,Pomax,tschaub,pdehaan,btford,k88hudson
jeffharrell,jeffharrell,patrickarlt,mbostock,mikolalysenko,alexmingoia
bruth,bruth,mjallday,esoergel,mrshu,kumar303
hampelm,hampelm,faceleg,prashtx,abrkn,FokkeZB
apenney,apenney,huoxito,sodabrew,jdutil,tas50
hunner,hunner,jdutil,justincampbell,iainbeeston,ohadlevy
ConradIrwin,ConradIrwin,chulkilee,kou,tarcieri,rosenfeld
dead-horse,dead-horse,aadsm,sidorares,francoisfrisch,mafintosh
jglick,jglick,Vexatos,Jaiglissechef-i9100,MightyBear007,dgolovin
myint,myint,rgrp,cvan,mjumbewu,rfk
philsturgeon,philsturgeon,alexandresalome,josegonzalez,till,njam
substack,substack,addyosmani,Raynos,nschonni,stephenplusplus
dieterdemeyer,dieterdemeyer,douglaswth,mlafeldt,mezis,anatol
sax,sax,petems,bkeepers,tenderlove,prathamesh-sonpatki
Bladrak,Bladrak,eko,wilsonge,stefk,nyeholt
dandv,dandv,jaredhanson,desandro,chrisdickinson,doowb
tbranyen,tbranyen,Munter,narqo,quarterto,dfilatov
dbu,dbu,Ocramius,igorw,lsmith77,WouterJ
Ivoz,Ivoz,moorepants,scopatz,nijel,lonnen
isaacs,isaacs,TooTallNate,maxogden,stephenmathieson,dominictarr
ivanoats,ivanoats,ejholmes,tagomoris,badboy,orta
maethu,maethu,jone,takluyver,asmeurer,ivanov
cweiske,cweiske,wagnert,koriym,rjmackay,emanwebdev
addyosmani,addyosmani,substack,nschonni,Raynos,stefanpenner
coderanger,coderanger,rackerjoe,deiga,lamont-granquist,rajinir
verdet23,verdet23,diglin,chirimoya,gregorybesson,mfairchild365
jaredhanson,jaredhanson,dandv,desandro,gustavohenke,doowb
jezdez,jezdez,alex,yarikoptic,jone,maethu
colinta,colinta,codekitchen,kerrizor,jnunemaker,tansaku
mikaelkaron,mikaelkaron,gustavohenke,desandro,IgorMinar,robinboehm
josegonzalez,josegonzalez,bobthecow,njam,philsturgeon,marcqualie
mbj,mbj,ehelms,jcoglan,sue445,jdan
robyoung,robyoung,ahmadia,gvwilson,dongweiming,tychoish
Osmose,Osmose,lmacken,m8ttyB,pydanny,lukasgraf
czue,czue,dannyroberts,ralphbean,mrocklin,kmike
pborreli,pborreli,cordoval,nigelgbanks,adam-vessey,stof
jordandukart,jordandukart,stof,adam-vessey,lsmith77,qadan
bradleywright,bradleywright,jamiecobbett,fatbusinessman,cdearborn,arkadykanevsky
Hywan,Hywan,denis-sokolov,danielbachhuber,jeremeamia,cedricziel
guille,guille,caitp,meteormatt,ajoslin,mzgol
olalonde,olalonde,andris9,vvo,freewil,iceniumsamples
fnichol,fnichol,docwhat,alindeman,abenari,JuanitoFatas
JeroenDeDauw,JeroenDeDauw,DavidMikeSimon,eguaj,Eric-Brison,Remo
arv,arv,1602,bengourley,raymondfeng,alsotang
cgohlke,cgohlke,ipa-fxm,matthew-brett,tseaver,ipa-nhg
alexmingoia,alexmingoia,matthewp,jeffharrell,mbostock,patrickarlt
jirwin,jirwin,marcoscaceres,manuq,mjhea0,LeaVerou
NamelessCoder,NamelessCoder,mvrhov,h4cc,gnugat,nickvergessen
eviltrout,eviltrout,joefiorini,xtian,cavneb,MoOx
josh,josh,benilovj,jackfranklin,wilmoore,richo
mbabker,mbabker,guilhermeblanco,hason,EmmanuelVella,thewilkybarkid
tboerger,tboerger,VictorLowther,alext,arthurnn,sanemat
pikesley,pikesley,ugisozols,SamSaffron,richo,krainboltgreene
lzap,lzap,meatballhat,rajinir,skottler,zenspider
GrahamCampbell,GrahamCampbell,discordier,nickvergessen,franzliedke,weierophinney
jonmak08,jonmak08,hhuijser,moltam89,samuelkong,sergiogonzalez
samuelkong,samuelkong,moltam89,hhuijser,jonmak08,matethurzo
appleboy,appleboy,FokkeZB,esteinborn,bendiy,gobengo
Jako,Jako,michitux,dmi3yy,brendo,unclecheese
tychoish,tychoish,gianpaj,s0undt3ch,domoritz,nickstenning
mgedmin,mgedmin,aaugustin,khink,ionelmc,avelino
westonplatter,westonplatter,henrikhodne,krainboltgreene,bradleywright,SamSaffron
openstack-gerrit,openstack-gerrit,s0undt3ch,mattupstate,nickstenning,cloudnull
nigelgbanks,nigelgbanks,adam-vessey,jordandukart,stof,qadan
denis-sokolov,denis-sokolov,Hywan,danielbachhuber,jeremeamia,cedricziel
JensTimmerman,JensTimmerman,stdweird,dirk-thomas,jgmize,kennethreitz
eguaj,eguaj,lolautruche,clue,saltybeagle,takeit
tarelli,tarelli,nathanlws,pconrad,psgs,fredericBregier
abstractj,abstractj,matzew,sgilda,jglick,rafabene
dfilatov,dfilatov,archananaik,Munter,HenrikJoreteg,jsilvestre
passy,passy,juliangruber,paulmillr,Raynos,addyosmani
rjmackay,rjmackay,cweiske,wagnert,cfoellmann,clue
rcbjenkins,rcbjenkins,vincentbernat,iNecas,spheromak,rmm5t
hueniverse,hueniverse,vojtajina,JacksonTian,oncletom,alicoding
bitdeli-chef,bitdeli-chef,ForbesLindesay,sindresorhus,visionmedia,pborreli
huoxito,huoxito,apenney,tmatilai,banyan,tas50
koenpunt,koenpunt,jaredly,Krinkle,xtian,eviltrout
fgrehm,fgrehm,hectcastro,titanous,peterberkenbosch,sue445
ke4,ke4,dlackty,bflad,gabebw,llh1
rgbkrk,rgbkrk,kevinburke,ahmadia,willkg,mattrobenolt
asfgit,asfgit,bryanhiggins,svnlto,JohnMcLear,rubenv
rotty3000,rotty3000,csierra,topolik,epgarcia,shuyangzhou
brianchandotcom,brianchandotcom,mdelapenya,jbalsas,vilmospapp,Robert-Frampton
vladikoff,vladikoff,MatthewMueller,jrburke,tomByrer,shane-tomlinson
visionmedia,visionmedia,sindresorhus,jonathanong,ForbesLindesay,passy
dg,dg,KingYes,Remo,tonydspaniard,clue
ikedam,ikedam,oleg-nenashev,vjuranek,rwinch,imod
heuermh,heuermh,joschi,johnjohndoe,tterrag1098,Lucariatias
Bryukh,Bryukh,jlongster,dracos,sapegin,yhahn
jasonnoble,jasonnoble,amiel,ryandub,stevendgonzales,jordansissel
dhellmann,dhellmann,mmerickel,gotcha,kiorky,codeinthehole
grosser,grosser,domcleal,rafaelfranca,charliesome,wfarr
jpdevries,jpdevries,bezumkin,mfairchild365,mhor,rmccue
WinterSilence,WinterSilence,cmfcmf,andreasisaak,pulse00,DeepDiver1975
jonathanong,jonathanong,visionmedia,sindresorhus,passy,juliangruber
deadprogram,deadprogram,elia,konklone,pboling,HeroicEric
abotalov,abotalov,gabebw,jnunemaker,pat,bflad
akrabat,akrabat,EvanDotPro,superdweebie,lorenzo,docteurklein
mdelapenya,mdelapenya,brianchandotcom,Robert-Frampton,jbalsas,vilmospapp
Raynos,Raynos,substack,addyosmani,juliangruber,paulmillr
PaulVI,PaulVI,matthesrieke,pentaho-nbaker,rfellows,nuest
mcfiredrill,mcfiredrill,matthewford,teeparham,tarcieri,jhawthorn
jmesnil,jmesnil,kpiwko,smiklosovic,kohsuke,fbricon
robhudson,robhudson,biyeun,snopoke,acdha,whit537
miry,miry,petergoldstein,xaviershay,btm,wfarr
tmatilai,tmatilai,banyan,huoxito,sodabrew,apenney
eko,eko,Bladrak,wilsonge,nyeholt,stefk
nirvdrum,nirvdrum,smith,gianpaj,jdan,kytrinyx
jancborchardt,jancborchardt,pulse00,DeepDiver1975,cmfcmf,Toflar
waynepallen,waynepallen,mapleoin,mnowster,VictorLowther,rhafer
someara,someara,sferik,JonRowe,aspiers,parndt
johnjohndoe,johnjohndoe,heuermh,joschi,pconrad,jexp
mjallday,mjallday,bruth,mjumbewu,esoergel,stefanw
dirkmueller,dirkmueller,mapleoin,waynepallen,VictorLowther,rhafer
schlamar,schlamar,jaraco,stephenmcd,rogerhu,sigmavirus24
sethvargo,sethvargo,todb-r7,jtimberman,sferik,someara
kriskowal,kriskowal,scottgonzalez,kissygallery,EvanHahn,zaach
twolfson,twolfson,lepture,garbas,thanpolas,briancavalier
yields,yields,ericf,ianstormtaylor,domenic,tmcw
VlikeBanana,VlikeBanana,aways,Jaiglissechef-i9100,Vexatos,jglick
sindresorhus,sindresorhus,visionmedia,jonathanong,ForbesLindesay,passy
till,till,shouze,rande,dongilbert,harikt
PascalPrecht,PascalPrecht,MoOx,terinjokes,joefiorini,eviltrout
gregorybesson,gregorybesson,mfairchild365,jpdevries,rmccue,bezumkin
frodsan,frodsan,rkh,mpapis,michaelklishin,dmathieu
gobengo,gobengo,esteinborn,appleboy,bendiy,FokkeZB
SamSaffron,SamSaffron,krainboltgreene,ugisozols,pikesley,henrikhodne
rajinir,rajinir,meatballhat,lzap,skottler,zimbatm
gdi2290,gdi2290,glebm,defunctzombie,locks,terinjokes
jabley,jabley,springmeyer,ugisozols,richo,pikesley
reset,reset,Irio,portertech,robertomiranda,bricker
aldafu,aldafu,ben-ng,LaurentGoderre,skeggse,vanetix
bajtos,bajtos,mzgol,robertkowalski,mgcrea,guille
jamiecobbett,jamiecobbett,bradleywright,fatbusinessman,cdearborn,arkadykanevsky
OliverJAsh,OliverJAsh,Bartvds,rubenv,svnlto,deepak1556
mikesherov,mikesherov,gkorland,bjornstar,daffl,gjohnson
lbjay,lbjay,justinabrahms,garbados,migurski,stdavis
MengZhang,MengZhang,mcculls,andreaturli,AbrarSyed,cstamas
iainbeeston,iainbeeston,jdutil,apenney,sodabrew,huoxito
garbas,garbas,twolfson,jfromaniello,phuu,lepture
willdurand,willdurand,thewilkybarkid,chillu,guilhermeblanco,taylorotwell
stuartwdouglas,stuartwdouglas,jamezp,jharting,ctomc,dgolovin
hason,hason,guilhermeblanco,EmmanuelVella,mbabker,staabm
guilhem,guilhem,mistydemeo,stevendanna,rhafer,ranjib
alicoding,alicoding,vojtajina,JacksonTian,mikeal,hueniverse
soffes,soffes,repeatedly,kobliha,dgoodlad,torandu
cadecairos,cadecairos,caridy,anthonyshort,papandreou,alanshaw
jhinkey,jhinkey,mhan810,lipusz,KocsisDaniel,epgarcia
charliesome,charliesome,domcleal,grosser,kirs,rafaelfranca
jdalsem,jdalsem,chirimoya,beck24,wp-plugins-user,gsaunier
asutherland,asutherland,Rich-Harris,mikermcneil,gaye,hemanth
pezholio,pezholio,Floppy,steveklabnik,alext,bradleywright
hkdobrev,hkdobrev,scribu,jprice,roderik,shrikeh
benilovj,benilovj,josh,wilmoore,jackfranklin,Zearin
sferik,sferik,jtimberman,someara,parndt,sethvargo
heathd,heathd,dblock,markijbema,davidcelis,Shotclog
alloy,alloy,gregmolnar,calebthompson,robertomiranda,eLobato
roc,roc,aheckmann,lipis,rgrp,mcepl
WyriHaximus,WyriHaximus,ADmad,AD7six,whatthejeff,psi-4ward
danielpassos,danielpassos,danbev,smiklosovic,kpiwko,secondsun
sgilda,sgilda,matzew,rafabene,abstractj,maxandersen
juanluisrp,juanluisrp,lynnaloo,maximeprades,bendiy,MauriceButler
maxogden,maxogden,isaacs,TooTallNate,stephenmathieson,dominictarr
futoase,futoase,danielsdeleo,fukayatsu,prometheanfire,invsblduck
freewil,freewil,simonwex,olalonde,sipayRT,asciidisco
jdalton,jdalton,coderaiser,mikeal,seanmonstar,petehunt
hhuijser,hhuijser,jonmak08,moltam89,samuelkong,matethurzo
sapegin,sapegin,yhahn,darobin,freewil,jlongster
garbados,garbados,stdavis,leplatrem,ktmud,warner
mmalecki,mmalecki,eddiemonge,andreypopp,Nami-Doc,ianstormtaylor
rhafer,rhafer,mapleoin,waynepallen,guilhem,cdearborn
rafaelfranca,rafaelfranca,wfarr,grosser,sanemat,domcleal
johnnyshields,johnnyshields,remiprev,lucasmazza,andypiper,johnbellone
cableman,cableman,ahilles107,aik099,schmunk42,stefk
waffleio,waffleio,kud,forkbot,joliss,fivetanley
titoBouzout,titoBouzout,alfredodeza,metaodi,guillermo-carrasco,akaptur
jdillon,jdillon,nacx,ctrueden,stevenschlansker,andreaturli
dunglas,dunglas,egeloen,gnugat,NamelessCoder,chillu
paulmillr,paulmillr,passy,juliangruber,Raynos,shama
le0pard,le0pard,atomic-penguin,haus,sawanoboly,sonots
wp-plugins-user,wp-plugins-user,gsaunier,jdalsem,chirimoya,beck24
psgs,psgs,fredericBregier,codjo,pconrad,andylyall
mickaelandrieu,mickaelandrieu,taylorotwell,rande,Maks3w,dominikzogg
eymengunay,eymengunay,wilr,splitbrain,rdohms,schmunk42
rvagg,rvagg,timoxley,andreypopp,stephenplusplus,eddiemonge
stefk,stefk,schmunk42,cableman,wilsonge,ahilles107
ericf,ericf,yields,isaacs,ianstormtaylor,domenic
DeepDiver1975,DeepDiver1975,cmfcmf,pulse00,Toflar,WinterSilence
shama,shama,paulmillr,addyosmani,stefanpenner,nschonni
spheromak,spheromak,vincentbernat,iNecas,guilleiguaran,remiprev
BigBlueHat,BigBlueHat,dg,KingYes,Remo,DavidMikeSimon
cjohansen,cjohansen,odi-robot,PragTob,jdan,aredridel
gkorland,gkorland,mikesherov,daffl,gjohnson,jamielinux
wilreichert,wilreichert,paulczar,bodepd,solnic,futhr
wfarr,wfarr,rafaelfranca,xaviershay,grosser,btm
Anahkiasen,Anahkiasen,pmjones,dongilbert,crynobone,blaugueux
arian,arian,Daniel-Hug,jrf0110,deepak1556,jfirebaugh
meatballhat,meatballhat,rajinir,lzap,dpaterson,Axam
fredericBregier,fredericBregier,codjo,andylyall,DrkMatr1984,psgs
soulcutter,ghoneycutt,soulcutter,peterberkenbosch,solnic,douglaswth
rjackson,rjackson,mathiasbynens,stefanpenner,nschonni,machty
arthurnn,arthurnn,sanemat,vipulnsward,rafaelfranca,btm
jordanilchev,jordanilchev,tmeasday,amasad,raix,neoziro
imod,imod,stephenc,oleg-nenashev,rwinch,stevenschlansker
danielbachhuber,danielbachhuber,cedricziel,ruudk,Hywan,denis-sokolov
jmikola,jmikola,umpirsky,mickaelandrieu,bakura10,rande
gnugat,gnugat,dunglas,egeloen,NamelessCoder,mvrhov
crccheck,crccheck,nonZero,edsu,justinabrahms,manuq
adam-vessey,adam-vessey,jordandukart,nigelgbanks,stof,qadan
ralphbean,ralphbean,mrocklin,czue,dannyroberts,pelson
eventualbuddha,eventualbuddha,joliss,ebryn,XhmikosR,akre54
nemesisdesign,nemesisdesign,mekarpeles,SimonSapin,avoinea,mahmoudimus
pylerSM,pylerSM,marcioendo,dscho,AbrarSyed,nicolas-f
kevva,kevva,just-boris,feross,gr2m,hughsk
MorganDawe,MorganDawe,stloyd,willtp87,shieldo,beberlei
mtdowling,mtdowling,ezimuel,juriansluiman,Vinai,ronanguilloux
pulse00,pulse00,cmfcmf,Toflar,DeepDiver1975,WinterSilence
taldcroft,taldcroft,akaptur,Fantomas42,pwaller,shopgirl284
yorkie,yorkie,hueniverse,alicoding,mikeal,vojtajina
Vexatos,Vexatos,Jaiglissechef-i9100,jglick,MightyBear007,dgolovin
jdutil,jdutil,iainbeeston,apenney,huoxito,hunner
rande,rande,mickaelandrieu,taylorotwell,Maks3w,harikt
JordanHatch,JordanHatch,fatbusinessman,amatsuda,zzak,arkadykanevsky
petergoldstein,petergoldstein,xaviershay,miry,ares,btm
ixti,ixti,gsamokovarov,andrew,Aaron1011,printercu
robertchoi8099,robertchoi8099,blkperl,bkkrw,MosesMendoza,cam156
iElectric,iElectric,acatton,ametaireau,pypingou,gthb
vjuranek,vjuranek,ikedam,cstamas,dadoonet,mcculls
Aaron1011,Aaron1011,gsamokovarov,ixti,brixen,printercu
sheadawson,sheadawson,AndreasHeiberg,stojg,AgelxNash,Vinai
romainneutron,romainneutron,hason,staabm,drak,guilhermeblanco
kerrizor,kerrizor,JustinAiken,wvanbergen,jnunemaker,pat
bflad,bflad,ke4,gabebw,pat,dlackty
steventux,steventux,tamird,mpapis,BanzaiMan,hsbt
hughsk,hughsk,just-boris,gr2m,jgable,feross
k88hudson,k88hudson,thlorenz,SBoudrias,pdehaan,tschaub
paulczar,paulczar,wilreichert,hectcastro,fgrehm,sue445
henrikbjorn,henrikbjorn,guilhermeblanco,EmmanuelVella,hason,staabm
WoLpH,WoLpH,shopgirl284,pwaller,Fantomas42,taldcroft
ndeloof,ndeloof,gastaldi,lincolnthree,jglick,gregturn
pmclanahan,pmclanahan,elioschmutz,andymckay,tdesvenain,esc
fabpot,fabpot,stof,lsmith77,jordandukart,dbu
KingYes,KingYes,dg,Remo,BigBlueHat,aaronjorbin
mzgol,mzgol,robertkowalski,caitp,guille,ajoslin
saltybeagle,saltybeagle,takeit,cfoellmann,aequasi,lolautruche
pwaller,pwaller,shopgirl284,Fantomas42,pysailor,WoLpH
joshk,joshk,kytrinyx,jasnow,gjtorikian,PragTob
mlafeldt,mlafeldt,anatol,mezis,dieterdemeyer,douglaswth
AndreiH,AndreiH,bebef1987,deiferni,mgaitan,bobsilverberg
dscho,dscho,AbrarSyed,marcioendo,pylerSM,stuntguy3000
bendiy,bendiy,esteinborn,FokkeZB,appleboy,GianlucaGuarini
chirimoya,chirimoya,gsaunier,jdalsem,diglin,verdet23
egeloen,egeloen,dunglas,gnugat,chillu,NamelessCoder
lfryc,lfryc,aslakknutsen,VineetReynolds,ttthanh,mprins
gjtorikian,gjtorikian,Shotclog,brixen,kytrinyx,philandstuff
bebef1987,bebef1987,AndreiH,deiferni,mgaitan,bobsilverberg
dokuwiki-translate,dokuwiki-translate,sminnee,TomHAnderson,K-Phoen,ezzatron
MightyBear007,MightyBear007,MBQ-,darranl,dgolovin,ctomc
shieldo,shieldo,adrienbrault,dantleech,stloyd,schmittjoh
splattael,splattael,stevenharman,bfontaine,myronmarston,jeremyf
jcoglan,jcoglan,hectcastro,fgrehm,sue445,ehelms
zenorocha,zenorocha,brunobasto,zsagia,pat270,eduardolundgren
barryvdh,barryvdh,RWOverdijk,markstory,jancborchardt,whatthejeff
silverbucket,silverbucket,jordanilchev,RReverser,sokra,particlebanana
gabebw,gabebw,pat,bflad,ke4,jnunemaker
guilhermeblanco,guilhermeblanco,hason,mbabker,EmmanuelVella,henrikbjorn
adamjacobbecker,adamjacobbecker,Asmod4n,bcoe,masondesu,matthias-guenther
rkh,rkh,frodsan,michaelklishin,dmathieu,hsbt
doublerr,doublerr,arangamani,ohadlevy,justincampbell,hunner
papandreou,papandreou,rschmukler,caridy,cadecairos,anthonyshort
vesln,vesln,janantala,cbotsikas,MauriceButler,GianlucaGuarini
stefanw,stefanw,keul,do3cc,vangheem,mjallday
andreasisaak,andreasisaak,WinterSilence,cmfcmf,ahilles107,tractorcow
Maks3w,Maks3w,taylorotwell,egeloen,weierophinney,harikt
raix,raix,tmeasday,jordanilchev,RReverser,sokra
neoziro,neoziro,particlebanana,RReverser,sokra,KenanY
jgable,jgable,hughsk,just-boris,gr2m,JacksonTian
asciidisco,asciidisco,aenario,simonwex,sipayRT,freewil
parkr,parkr,cloudedge,arkadykanevsky,dpaterson,cdearborn
gauthierm,gauthierm,mythmon,WyriHaximus,ebidel,markstory
matthew-brett,matthew-brett,tseaver,ipa-fxm,cgohlke,gregcaporaso
davglass,davglass,akre54,jrburke,MatthewMueller,lightsofapollo
gianpaj,gianpaj,domoritz,smith,nirvdrum,tychoish
rmm5t,rmm5t,iNecas,guilleiguaran,digitalextremist,chulkilee
carlossg,carlossg,eiel,le0pard,phoet,pitr-ch
csierra,csierra,epgarcia,KocsisDaniel,rotty3000,lipusz
mvidner,mvidner,jlambert121,adrienthebo,kares,atomic-penguin
orta,orta,tagomoris,badboy,igrigorik,kyanny
vipulnsward,vipulnsward,arthurnn,sanemat,VictorLowther,alext
Seldaek,Seldaek,igorw,WouterJ,Ocramius,dbu
tonydspaniard,tonydspaniard,paales,clue,lolautruche,cweiske
tomByrer,tomByrer,lightsofapollo,wyuenho,jrburke,MatthewMueller
lamont-granquist,lamont-granquist,schneems,zimbatm,skottler,sodabrew
fivetanley,fivetanley,teddyzeenny,twokul,machty,thomasboyt
kohsuke,kohsuke,buckett,jmesnil,nickboldt,bdvholmes
jcoyne,jcoyne,mislav,alindeman,docwhat,JuanitoFatas
matthewwithanm,matthewwithanm,mitar,groovecoder,jrief,cvan
stof,stof,jordandukart,lsmith77,adam-vessey,fabpot
robocoder,robocoder,jubianchi,rchavik,vicb,eymengunay
sergeylevchenko,sergeylevchenko,mpapis,frodsan,coderanger,rcbjenkins
saschpe,saschpe,claco,rhafer,dirkmueller,guilhem
pconrad,pconrad,codjo,fredericBregier,DrkMatr1984,andylyall
metaodi,metaodi,titoBouzout,akaptur,guillermo-carrasco,taldcroft
ares,ares,bf4,petergoldstein,stevendanna,GregSutcliffe
aslakknutsen,aslakknutsen,VineetReynolds,ttthanh,lfryc,mprins
sokra,RReverser,sokra,particlebanana,iceniumsamples,KenanY
popomore,popomore,caolan,darobin,vanetix,Mithgol
spicyj,spicyj,coderhaoxin,alexgorbatchev,chenglou,ebidel
GianlucaGuarini,GianlucaGuarini,maximeprades,MauriceButler,vesln,cbotsikas
caridy,caridy,cadecairos,anthonyshort,papandreou,Contra
thomasboyt,thomasboyt,twokul,Nami-Doc,teddyzeenny,fivetanley
arkadykanevsky,arkadykanevsky,cdearborn,fatbusinessman,cloudedge,parkr
stephenmcd,stephenmcd,schlamar,jaraco,moorepants,zyegfryed
xaviershay,xaviershay,petergoldstein,miry,wfarr,btm
iHiD,iHiD,vinayvinay,zenspider,afeld,JordanHatch
stevenharman,stevenharman,splattael,jeremyf,bfontaine,phoet
lepture,lepture,twolfson,thanpolas,jonschlinkert,jbuck
hatchan,hatchan,masondesu,bahamas10,faceleg,zeke
khink,khink,avelino,reinout,mgedmin,abubeck
gunnarmorling,gunnarmorling,Sanne,JakeWharton,bdvholmes,fbricon
jihoonl,jihoonl,kiorky,codeinthehole,JustinSGray,thet
forkbot,forkbot,Zearin,MoOx,potomak,kud
HenrikJoreteg,HenrikJoreteg,dfilatov,archananaik,Mithgol,Munter
alext,alext,tboerger,VictorLowther,vipulnsward,arthurnn
smiklosovic,smiklosovic,kpiwko,danielpassos,jmesnil,fbricon
bkkrw,bkkrw,jmazzi,blkperl,robertchoi8099,rafecolton
wilmoore,wilmoore,bcardarella,benilovj,kud,richo
jaredly,jaredly,Krinkle,ProLoser,balupton,Stuk
dmi3yy,dmi3yy,unclecheese,amcgowanca,Jako,brendo
rackerjoe,rackerjoe,deiga,coderanger,jsuchome,lamont-granquist
RobLoach,RobLoach,stephenplusplus,timoxley,mmalecki,andreypopp
mmerickel,mmerickel,dhellmann,gotcha,kiorky,WoLpH
wolever,wolever,Tschanzt,tfoote,Natim,wjwwood
jugglinmike,jugglinmike,ljharb,guybedford,calvinmetcalf,Pomax
JakeWharton,JakeWharton,Sanne,gunnarmorling,andrewgaul,bdvholmes
migurski,migurski,Neamar,justinabrahms,lbjay,mekarpeles
moltam89,moltam89,samuelkong,hhuijser,jonmak08,matethurzo
JacksonTian,JacksonTian,oncletom,vojtajina,jgable,hughsk
clue,clue,lolautruche,eguaj,tonydspaniard,paales
matthesrieke,matthesrieke,PaulVI,pentaho-nbaker,rfellows,nuest
mythmon,mythmon,gauthierm,mgaitan,mjallday,kumar303
tristanlins,tristanlins,beberlei,uwej711,drak,romainneutron
jsoref,jsoref,Trott,weakish,raix,tmeasday
dcramer,dcramer,sigmavirus24,wolever,arokem,jgmize
xtian,xtian,eviltrout,cavneb,joefiorini,locks
BenoitLeveque,BenoitLeveque,mnapoli,h4cc,weierophinney,garak
svnlto,svnlto,JohnMcLear,hemanth,mikermcneil,gaye
pdehaan,pdehaan,k88hudson,thlorenz,tschaub,SBoudrias
twinge,twinge,bcoe,adelevie,Asmod4n,leereilly
jone,jone,maethu,takluyver,ivanov,asmeurer
odi-robot,odi-robot,cjohansen,PragTob,jdan,chrishunt
Mithgol,Mithgol,simong,HenrikJoreteg,LaurentGoderre,skeggse
simi,simi,GregSutcliffe,mislav,zzak,amatsuda
tamird,tamird,steventux,BanzaiMan,ScotterC,mpapis
njam,njam,bobthecow,marcqualie,BanzaiMan,ConradIrwin
jean,jean,vangheem,thet,JustinSGray,lonnen
tadatuta,tadatuta,phated,raymondfeng,jamielinux,bengourley
IgorMinar,IgorMinar,mikaelkaron,gustavohenke,desandro,JohnMcLear
krainboltgreene,krainboltgreene,westonplatter,henrikhodne,SamSaffron,ugisozols
buckett,buckett,nickboldt,bdvholmes,fbricon,snjeza
mprins,mprins,ttthanh,VineetReynolds,aslakknutsen,psi-4ward
rubenv,rubenv,jamielinux,mikesherov,Dignifiedquire,Swatinem
nebhale,nebhale,tlvince,anatol,mlafeldt,mezis
GregSutcliffe,GregSutcliffe,bf4,simi,mislav,ares
rafabene,rafabene,sgilda,matzew,maxandersen,danbev
repeatedly,repeatedly,soffes,torandu,sneal,dgoodlad
phalcon,phalcon,gvwilson,nubs,ai,CodeBlock
igalic,igalic,darrencauthon,jcasimir,flyerhzm,srt32
paales,paales,tonydspaniard,cweiske,lolautruche,clue
raphink,raphink,splattael,stevenharman,bfontaine,gregmolnar
wedaly,wedaly,WoLpH,jihoonl,shopgirl284,pwaller
keul,keul,pydanny,pypingou,do3cc,Osmose
kou,kou,chulkilee,ConradIrwin,rosenfeld,tarcieri
sanemat,sanemat,arthurnn,vipulnsward,rafaelfranca,btm
alediator,alediator,nicks,pamval,youxiachai,ansell
gaye,gaye,Rich-Harris,asutherland,mikermcneil,hemanth
jmazzi,jmazzi,rafecolton,bkkrw,jdurand,torandu
ProLoser,ProLoser,Stuk,benjamn,oncletom,azakus
gthb,gthb,iElectric,pypingou,acatton,esoergel
cwjohnston,cwjohnston,rafecolton,robertchoi8099,jmazzi,bkkrw
boegel,boegel,minrk,ivanov,takluyver,jone
meshy,meshy,elbaschid,Kenneth-T-Moore,sharoonthomas,dankilman
superdweebie,superdweebie,pjedrzejewski,EvanDotPro,docteurklein,cableman
MatthewMueller,MatthewMueller,vladikoff,jrburke,tomByrer,shane-tomlinson
JeanMertz,JeanMertz,mbautin,anjackson,sue445,mbj
archananaik,archananaik,dfilatov,HenrikJoreteg,jsilvestre,Munter
h4cc,h4cc,NamelessCoder,mvrhov,mnapoli,BenoitLeveque
samccone,samccone,matthewp,jzaefferer,Dignifiedquire,airportyh
terinjokes,terinjokes,MoOx,defunctzombie,gdi2290,PascalPrecht
Fantomas42,Fantomas42,taldcroft,shopgirl284,pwaller,akaptur
jtimberman,jtimberman,sferik,sethvargo,someara,todb-r7
ninfaj,ninfaj,Natim,tfoote,Tschanzt,jgmize
vinayvinay,vinayvinay,iHiD,zenspider,afeld,lzap
lloydwatkin,lloydwatkin,jamesward,feross,just-boris,kevva
mbklein,mbklein,kyanny,badboy,ejholmes,tagomoris
TooTallNate,TooTallNate,isaacs,stephenmathieson,dominictarr,maxogden
yedi,yedi,brutasse,biyeun,bobsilverberg,treyhunner
dadoonet,dadoonet,jexp,pentaho-nbaker,MengZhang,cstamas
WouterJ,WouterJ,Seldaek,igorw,Ocramius,dbu
zeke,zeke,sethvincent,bahamas10,faceleg,hatchan
robertoDiaz,robertoDiaz,shuyangzhou,topolik,ealonso,rotty3000
dgoodlad,dgoodlad,torandu,soffes,rafecolton,repeatedly
cloudnull,cloudnull,domoritz,andrewgross,smith,s0undt3ch
ugisozols,ugisozols,pikesley,krainboltgreene,SamSaffron,richo
calvinfo,calvinfo,KoryNunn,bebraw,janantala,serby
nacx,nacx,jdillon,andreaturli,stevenschlansker,ctrueden
astrofrog,astrofrog,ipa-fmw,jakevdp,nouiz,kennethreitz
twokul,twokul,teddyzeenny,fivetanley,thomasboyt,Nami-Doc
tterrag1098,tterrag1098,Lucariatias,andylyall,DrkMatr1984,SAC-CS
gotcha,gotcha,meshy,dankilman,dhellmann,sharoonthomas
ezimuel,ezimuel,mtdowling,cebe,ADmad,ronanguilloux
vangheem,vangheem,jean,stefanw,lonnen,mjumbewu
RReverser,RReverser,sokra,particlebanana,iceniumsamples,KenanY
cebe,cebe,jmalloc,ronanguilloux,betweenbrain,baldurrensch
futhr,futhr,jhoblitt,solnic,sue445,peterberkenbosch
beberlei,beberlei,uwej711,nicolas-bastien,tristanlins,dantleech
glebm,glebm,kesla,defunctzombie,gdi2290,demands
XhmikosR,XhmikosR,jugglinmike,eventualbuddha,akre54,ljharb
benlangfeld,benlangfeld,pencil,Peeja,lucasmazza,prathamesh-sonpatki
avelino,avelino,khink,reinout,stephendonner,abubeck
demands,demands,janl,kesla,glebm,defunctzombie
stevenschlansker,stevenschlansker,olivergierke,andrewgaul,nacx,jdillon
willtp87,willtp87,daniel-dgi,qadan,igorw,lyrixx
scopatz,scopatz,nijel,Ivoz,lonnen,Turbo87
halkyon,halkyon,K-Phoen,sminnee,ezzatron,dokuwiki-translate
ianstormtaylor,ianstormtaylor,yields,isaacs,TooTallNate,ericf
psi-4ward,psi-4ward,AD7six,lorenzo,ADmad,jmalloc
jsilvestre,jsilvestre,quarterto,dfilatov,archananaik,Munter
msabramo,msabramo,dongweiming,streeter,saulshanabrook,sigmavirus24
parndt,parndt,aspiers,JonRowe,juliandunn,vuntz
invsblduck,invsblduck,danielsdeleo,fukayatsu,futoase,prometheanfire
weierophinney,weierophinney,NamelessCoder,h4cc,BenoitLeveque,ruebot
nickvergessen,nickvergessen,NamelessCoder,mvrhov,gnugat,franzliedke
tseaver,tseaver,matthew-brett,gregcaporaso,cgohlke,ipa-fxm
SAC-CS,SAC-CS,nicolas-f,Lucariatias,tterrag1098,andylyall
backbone87,backbone87,discordier,thewilkybarkid,chillu,dominikzogg
minad,minad,dlackty,llh1,ke4,bflad
acdha,acdha,bobsilverberg,treyhunner,biyeun,robhudson
nickstenning,nickstenning,CodeBlock,tychoish,openstack-gerrit,Turbo87
locks,locks,gdi2290,xtian,potomak,glebm
wilsonge,wilsonge,Bladrak,eko,stefk,schmunk42
ryanramage,ryanramage,matthew-andrews,neoziro,silverbucket,KenanY
dongilbert,dongilbert,burzum,pmjones,eko,stefk
ben-ng,ben-ng,LaurentGoderre,skeggse,vanetix,aldafu
srt32,srt32,iloveitaly,blkperl,blackjid,jamtur01
kevinsawicki,kevinsawicki,yorkie,jbuck,ZDroid,hueniverse
rdohms,rdohms,wilr,splitbrain,stefk,schmunk42
mgaitan,mgaitan,deiferni,bebef1987,AndreiH,mrshu
stefanpenner,stefanpenner,nschonni,addyosmani,substack,shama
stdweird,stdweird,JensTimmerman,dirk-thomas,jgmize,kennethreitz
elbaschid,elbaschid,Kenneth-T-Moore,meshy,larsmans,thomasleveil
gregmolnar,gregmolnar,alloy,calebthompson,robertomiranda,adrienthebo
garysweaver,garysweaver,jeremyf,sonots,sawanoboly,haus
aequasi,aequasi,kurund,takeit,jockri,saltybeagle
sharoonthomas,sharoonthomas,meshy,elbaschid,dankilman,lukasgraf
tenderlove,tenderlove,sax,petems,prathamesh-sonpatki,tas50
cdearborn,cdearborn,arkadykanevsky,fatbusinessman,cloudedge,parkr
dominictarr,dominictarr,stephenmathieson,TooTallNate,maxogden,isaacs
pmjones,pmjones,burzum,jeremeamia,spiffyjr,Anahkiasen
markstory,markstory,AD7six,psi-4ward,lorenzo,WyriHaximus
JuanitoFatas,JuanitoFatas,alindeman,abenari,docwhat,fnichol
marcqualie,marcqualie,njam,radar,patcon,dmathieu
asmeurer,asmeurer,yarikoptic,maethu,jone,takluyver
amcgowanca,amcgowanca,unclecheese,dmi3yy,juriansluiman,pippinsplugins
pat270,pat270,eduardolundgren,zsagia,johnnyhowey,brunobasto
phoet,phoet,masarakki,PikachuEXE,carlossg,eiel
stonier,stonier,abubeck,joshmoore,khink,reinout
cesine,cesine,maethu,jone,ivanov,takluyver
matzew,matzew,sgilda,abstractj,rafabene,maxandersen
ronkorving,ronkorving,latentflip,rschmukler,papandreou,alanshaw
Gozala,Gozala,rlidwka,3rd-Eden,tkellen,ronkorving
mattheu,mattheu,joehoyle,Klap-in,michitux,pippinsplugins
DavidMikeSimon,DavidMikeSimon,JeroenDeDauw,Eric-Brison,ADmad,GaryJones
reaperhulk,reaperhulk,chadlung,dhellmann,mahmoudimus,Ivoz
Kenneth-T-Moore,Kenneth-T-Moore,elbaschid,larsmans,meshy,thomasleveil
jasnow,jasnow,kytrinyx,joshk,PikachuEXE,masarakki
haus,haus,atomic-penguin,jeremyf,sonots,myronmarston
janl,janl,demands,kesla,glebm,defunctzombie
clayallsopp,clayallsopp,zspencer,markrickert,mbklein,ivanoats
RobinvdVleuten,RobinvdVleuten,CloCkWeRX,shrikeh,roderik,camspiers
jhawthorn,jhawthorn,tarcieri,mcfiredrill,matthewford,teeparham
AndreasHeiberg,AndreasHeiberg,sheadawson,AgelxNash,Vinai,stojg
andreypopp,andreypopp,rvagg,eddiemonge,timoxley,dominictarr
joehoyle,joehoyle,mattheu,Klap-in,michitux,pippinsplugins
sam-github,sam-github,ScottDowne,jcrugzz,EvanHahn,seanmonstar
johnbellone,johnbellone,guilleiguaran,remiprev,johnnyshields,digitalextremist
nfroidure,nfroidure,alexmingoia,jprichardson,Swatinem,mikolalysenko
quarterto,quarterto,narqo,jsilvestre,tbranyen,Munter
ScottDowne,ScottDowne,jcrugzz,sam-github,EvanHahn,seanmonstar
bricker,bricker,Irio,reset,portertech,teeparham
abztrakt,abztrakt,reedstrm,smn,crccheck,nonZero
azakus,azakus,oncletom,ProLoser,kevva,lloydwatkin
dongweiming,dongweiming,msabramo,saulshanabrook,streeter,robyoung
rafecolton,rafecolton,jmazzi,bkkrw,jdurand,torandu
dirk-thomas,dirk-thomas,stdweird,jgmize,JensTimmerman,kennethreitz
zimbatm,zimbatm,sodabrew,skottler,schneems,tmatilai
brunobasto,brunobasto,zsagia,pat270,johnnyhowey,eduardolundgren
adrianmacneil,adrianmacneil,wimvds,mbeall,juriansluiman,ronanguilloux
lyrixx,lyrixx,daniel-dgi,qadan,willtp87,igorw
wilr,wilr,rdohms,splitbrain,schmunk42,stefk
aaugustin,aaugustin,mgedmin,khink,yakky,ionelmc
schmunk42,schmunk42,stefk,cableman,aik099,ahilles107
beck24,beck24,jdalsem,bueltge,wp-plugins-user,chirimoya
harikt,harikt,BenoitLeveque,mnapoli,dereuromark,franzliedke
loopj,loopj,danielbeardsley,adelevie,pat,leereilly
petems,petems,sax,bkeepers,tenderlove,prathamesh-sonpatki
prometheanfire,prometheanfire,danielsdeleo,futoase,jlambert121,haus
michitux,michitux,Klap-in,joehoyle,mattheu,Jako
anthonyshort,anthonyshort,cadecairos,caridy,papandreou,alanshaw
AbrarSyed,AbrarSyed,dscho,marcioendo,pylerSM,stuntguy3000
eric,eric,cwjohnston,jdurand,sneal,jcasimir
dpaterson,dpaterson,meatballhat,cloudedge,Axam,lzap
thet,thet,JustinSGray,codeinthehole,kiorky,jihoonl
juriansluiman,juriansluiman,amcgowanca,ronanguilloux,unclecheese,dmi3yy
indexzero,indexzero,petebacondarwin,ajoslin,ljharb,SBoudrias
koriym,koriym,emanwebdev,wagnert,cweiske,cfoellmann
Constellation,Constellation,KenanY,particlebanana,sokra,RReverser
Trott,Trott,weakish,aenario,jsoref,matthew-andrews
ForbesLindesay,ForbesLindesay,sindresorhus,visionmedia,jonathanong,passy
andris9,andris9,olalonde,vvo,iceniumsamples,KenanY
WebReflection,WebReflection,sidorares,grncdr,dead-horse,remy
alimony,alimony,gthb,ametaireau,iElectric,acatton
emanwebdev,emanwebdev,koriym,willmot,wagnert,cweiske
joeybaker,joeybaker,jbuck,balupton,thanpolas,clkao
justincampbell,justincampbell,ohadlevy,hunner,iainbeeston,afeld
alsotang,alsotang,1602,arv,DamonOehlman,rpflorence
drnic,drnic,titanous,anatol,hectcastro,fgrehm
konklone,konklone,annashipman,igalic,elia,deadprogram
brutasse,brutasse,yedi,kumar303,whit537,mgaitan
clkao,clkao,philfreo,kpdecker,paulirish,necolas
CloCkWeRX,CloCkWeRX,camspiers,shrikeh,RobinvdVleuten,mvriel
sheerun,sheerun,davidcelis,heathd,Shotclog,dcarley
feross,feross,gr2m,just-boris,hughsk,kevva
ebryn,ebryn,joliss,trek,eventualbuddha,twokul
ohadlevy,ohadlevy,justincampbell,hunner,afeld,abenari
airportyh,airportyh,arv,1602,bengourley,raymondfeng
Asmod4n,Asmod4n,bcoe,twinge,cjcolvar,markrickert
jverdeyen,jverdeyen,mneuhaus,DavidMikeSimon,PunKeel,ADmad
lincolnthree,lincolnthree,gastaldi,gregturn,ndeloof,jdeolive
printercu,printercu,chrishunt,aredridel,PragTob,benbalter
maxlinc,maxlinc,lucasmazza,hsbt,andypiper,Peeja
AgelxNash,AgelxNash,Vinai,sheadawson,AndreasHeiberg,stojg
mafintosh,mafintosh,remy,kissygallery,patrickkettner,scottgonzalez
prathamesh-sonpatki,prathamesh-sonpatki,petems,bkeepers,sax,tenderlove
vuntz,vuntz,steveklabnik,tboerger,aspiers,alext
calvinmetcalf,calvinmetcalf,Pomax,k88hudson,jugglinmike,thlorenz
todb-r7,todb-r7,sethvargo,jtimberman,jvazquez-r7,sferik
guilleiguaran,guilleiguaran,johnbellone,remiprev,iNecas,rmm5t
discordier,discordier,backbone87,GrahamCampbell,nickvergessen,dominikzogg
gkellogg,gkellogg,cldwalker,nicolejpaz,mlandauer,matthias-guenther
necolas,necolas,paulirish,mgcrea,kpdecker,clkao
amatsuda,amatsuda,zzak,simi,mnowster,JordanHatch
sipayRT,sipayRT,simonwex,asciidisco,freewil,simong
a9un9hari,a9un9hari,james2doyle,aaronjorbin,prashtx,ryanramage
chilijung,chilijung,bebraw,calvinfo,silverbucket,KoryNunn
daniel-dgi,daniel-dgi,qadan,willtp87,igorw,lyrixx
Swatinem,Swatinem,matthewp,alexmingoia,DamonOehlman,Dignifiedquire
3rd-Eden,3rd-Eden,rlidwka,Gozala,tkellen,Krinkle
searls,searls,thoop,LeaVerou,sethvincent,zeke
steveklabnik,steveklabnik,vuntz,alext,Floppy,tboerger
cldwalker,cldwalker,tansaku,mlandauer,gkellogg,matthias-guenther
ansell,ansell,youxiachai,pamval,alediator,nicks
tschaub,tschaub,pdehaan,k88hudson,thlorenz,Pomax
zzak,zzak,amatsuda,simi,mislav,JordanHatch
ScotterC,ScotterC,johnnyshields,kou,lucasmazza,andypiper
adamantivm,adamantivm,nicks,mjhea0,alediator,pamval
phuu,phuu,briancavalier,ZDroid,jiyinyiyong,unwiredben
lipusz,lipusz,KocsisDaniel,epgarcia,jhinkey,mhan810
marcellustavares,marcellustavares,ipeychev,JorgeFerrer,laszlocsontos,marclundgren
igorw,igorw,Ocramius,Seldaek,WouterJ,dbu
phated,phated,tadatuta,raymondfeng,bengourley,1602
ming13,ming13,kohsuke,jmesnil,buckett,nickboldt
cordoval,cordoval,fabpot,nigelgbanks,stof,pborreli
darranl,darranl,dgolovin,ctomc,MBQ-,MightyBear007
mikolalysenko,mikolalysenko,patrickarlt,jprichardson,narqo,jeffharrell
cedricziel,cedricziel,danielbachhuber,ruudk,Hywan,spiffyjr
samsonasik,samsonasik,dominikzogg,thewilkybarkid,chillu,weierophinney
Toflar,Toflar,pulse00,DeepDiver1975,cmfcmf,WinterSilence
stloyd,stloyd,adrienbrault,shieldo,dantleech,schmittjoh
sebastianbergmann,sebastianbergmann,TomHAnderson,stephpy,norzechowicz,makasim
iceniumsamples,iceniumsamples,KenanY,sokra,particlebanana,RReverser
davisagli,davisagli,peterbe,Natim,ninfaj,Tschanzt
drak,drak,hason,nicolas-bastien,EmmanuelVella,romainneutron
patcon,patcon,petems,bkeepers,tmatilai,skottler
pydanny,pydanny,lukasgraf,keul,do3cc,Osmose
jfromaniello,jfromaniello,garbas,alrra,jiyinyiyong,twolfson
minrk,minrk,boegel,ivanov,pombredanne,jone
snopoke,snopoke,robhudson,kmike,biyeun,acdha
wjwwood,wjwwood,gregcaporaso,wolever,tseaver,matthew-brett
latentflip,latentflip,rschmukler,papandreou,Contra,mcollina
lolautruche,lolautruche,clue,eguaj,saltybeagle,takeit
nicolas-bastien,nicolas-bastien,EmmanuelVella,hason,uwej711,guilhermeblanco
nouiz,nouiz,astrofrog,ipa-fmw,kennethreitz,jakevdp
thanpolas,thanpolas,jonschlinkert,joeybaker,philfreo,jbuck
nlf,nlf,vesln,janantala,cbotsikas,MauriceButler
kennethreitz,kennethreitz,jgmize,nouiz,dirk-thomas,stdweird
ctomc,ctomc,MBQ-,darranl,dgolovin,MightyBear007
kpdecker,kpdecker,robertkowalski,clkao,mgcrea,necolas
hariadi,hariadi,francoisfrisch,doowb,IgorMinar,mikaelkaron
cjcolvar,cjcolvar,markrickert,daguar,JangoSteve,edgarSilva
nicolas-f,nicolas-f,SAC-CS,pylerSM,Lucariatias,tterrag1098
raymondfeng,raymondfeng,bengourley,1602,arv,phated
JorgeFerrer,JorgeFerrer,laszlocsontos,marcellustavares,ipeychev,ealonso
gr2m,gr2m,feross,hughsk,just-boris,jgable
guybedford,guybedford,ljharb,btford,shane-tomlinson,Pomax
edsu,edsu,crccheck,nonZero,matthewfl,justinabrahms
joshmoore,joshmoore,sbesson,stonier,rogerhu,abubeck
nickboldt,nickboldt,snjeza,buckett,fbricon,ctomc
JonRowe,JonRowe,juliandunn,kirs,charliesome,aspiers
alexmuller,alexmuller,Aaron1011,Zearin,josh,gsamokovarov
lholmquist,lholmquist,asfgit,jherdman,kevinsawicki,Gozala
jordansissel,jordansissel,adelevie,maurogeorge,ryandub,ejholmes
qadan,qadan,daniel-dgi,jordandukart,willtp87,adam-vessey
schneems,schneems,sodabrew,zimbatm,tas50,apenney
Shotclog,Shotclog,davidcelis,heathd,dblock,markijbema
joneshf,joneshf,matthewfl,jean,thet,warner
esc,esc,stephendonner,sander1,reinout,andymckay
tombooth,tombooth,djmitche,treeder,mattupstate,stevendgonzales
lsmith77,lsmith77,stof,jordandukart,dbu,Ocramius
whit537,whit537,robhudson,biyeun,acdha,treyhunner
grncdr,grncdr,spicyj,WebReflection,alrra,jiyinyiyong
reinout,reinout,stephendonner,sander1,avelino,esc
PikachuEXE,PikachuEXE,masarakki,phoet,eiel,carlossg
dlackty,dlackty,ke4,minad,bflad,llh1
jakevdp,jakevdp,astrofrog,ipa-fmw,nouiz,kennethreitz
mneuhaus,mneuhaus,jverdeyen,ezimuel,ADmad,mtdowling
kobliha,kobliha,soffes,repeatedly,sneal,dgoodlad
ZDroid,ZDroid,briancavalier,kevinsawicki,phuu,yorkie
sneal,sneal,repeatedly,torandu,r7kamura,dgoodlad
andreaturli,andreaturli,nacx,jdillon,MengZhang,ctrueden
mauritsvanrees,mauritsvanrees,fcurella,ametaireau,kanzure,iElectric
springmeyer,springmeyer,jackfranklin,richo,pikesley,ugisozols
dsyer,dsyer,RyanTech,vjuranek,dadoonet,ikedam
ljharb,ljharb,guybedford,btford,jugglinmike,Pomax
wagnert,wagnert,cfoellmann,cweiske,koriym,emanwebdev
scottgonzalez,scottgonzalez,kriskowal,kissygallery,patrickkettner,EvanHahn
teddyzeenny,teddyzeenny,twokul,fivetanley,machty,thomasboyt
Natim,Natim,Tschanzt,tfoote,wolever,ninfaj
smith,smith,domoritz,ehelms,paulczar,nirvdrum
jamezp,jamezp,stuartwdouglas,snjeza,nickboldt,ctomc
petehunt,petehunt,Stuk,benjamn,jdalton,hueniverse
particlebanana,RReverser,sokra,particlebanana,iceniumsamples,KenanY
marcioendo,marcioendo,dscho,pylerSM,AbrarSyed,nicolas-f
sigmavirus24,sigmavirus24,dcramer,schlamar,thedrow,wjwwood
bezumkin,bezumkin,jpdevries,mhor,koriym,mfairchild365
groovecoder,groovecoder,matthewwithanm,jrief,mitar,cvan
timoxley,timoxley,stephenplusplus,rvagg,andreypopp,eddiemonge
chillu,chillu,thewilkybarkid,egeloen,dunglas,gnugat
bahamas10,bahamas10,zeke,hatchan,faceleg,masondesu
just-boris,just-boris,hughsk,gr2m,jgable,feross
eileenmcnaughton,eileenmcnaughton,mattheu,michitux,Klap-in,joehoyle
TomHAnderson,TomHAnderson,sebastianbergmann,dokuwiki-translate,norzechowicz,tractorcow
markrickert,markrickert,cjcolvar,JangoSteve,daguar,clayallsopp
bcardarella,bcardarella,wilmoore,kud,richo,benilovj
vincentbernat,vincentbernat,spheromak,iNecas,guilleiguaran,rmm5t
reedstrm,reedstrm,clefebvre,smn,abztrakt,guillermo-carrasco
cowtowncoder,cowtowncoder,Sanne,gunnarmorling,JakeWharton,bdvholmes
mrocklin,mrocklin,ralphbean,pelson,czue,keflavich
ranjib,ranjib,retr0h,jcoyne,mislav,GregSutcliffe
nyeholt,nyeholt,eko,Bladrak,danielbachhuber,Hywan
mnowster,mnowster,amatsuda,simi,waynepallen,zzak
benjamn,benjamn,Stuk,petehunt,ProLoser,oncletom
mikermcneil,mikermcneil,asutherland,hemanth,Rich-Harris,gaye
MauriceButler,MauriceButler,GianlucaGuarini,cbotsikas,maximeprades,vesln
tomhughes,tomhughes,bencevans,stewart,halfdan,Trott
jiyinyiyong,jiyinyiyong,phuu,briancavalier,ZDroid,alrra
paulirish,paulirish,necolas,mgcrea,clkao,lloydwatkin
daguar,daguar,JangoSteve,cjcolvar,markrickert,pboling
wyuenho,wyuenho,lightsofapollo,tomByrer,jrburke,MatthewMueller
HeroicEric,HeroicEric,mibamur,jrf0110,chris-rock,arian
andrewgaul,andrewgaul,olivergierke,stevenschlansker,JakeWharton,Sanne
danbev,danbev,danielpassos,smiklosovic,kpiwko,nuest
brixen,brixen,philandstuff,gjtorikian,gsamokovarov,Aaron1011
fukayatsu,fukayatsu,futoase,invsblduck,fabiokr,danielsdeleo
streeter,streeter,msabramo,dongweiming,s0undt3ch,saulshanabrook
badboy,badboy,tagomoris,kyanny,orta,ivanoats
francoisfrisch,francoisfrisch,hariadi,doowb,aadsm,dead-horse
tkellen,tkellen,yorkie,hueniverse,rlidwka,balupton
eiel,eiel,carlossg,PikachuEXE,pitr-ch,masarakki
tarcieri,tarcieri,jhawthorn,matthewford,mcfiredrill,rosenfeld
vvo,vvo,andris9,olalonde,matthew-andrews,iceniumsamples
leereilly,leereilly,wvanbergen,JustinAiken,kerrizor,twinge
claco,claco,guilhem,jsuchome,deiga,rhafer
jdurand,jdurand,rafecolton,jmazzi,torandu,r7kamura
aredridel,aredridel,chrishunt,printercu,benbalter,PragTob
guillermo-carrasco,guillermo-carrasco,alfredodeza,metaodi,titoBouzout,smn
domenic,domenic,yields,ericf,tmcw,fengmk2
mcollina,mcollina,Contra,arunoda,unwiredben,zaach
jnunemaker,jnunemaker,codekitchen,gabebw,abotalov,pat
meteormatt,meteormatt,caitp,SBoudrias,thlorenz,guille
jfirebaugh,jfirebaugh,deepak1556,chris-rock,arian,robwierzbowski
maxandersen,maxandersen,dgolovin,snjeza,darranl,ctomc
sminnee,sminnee,K-Phoen,halkyon,ezzatron,dokuwiki-translate
jexp,jexp,rfellows,pentaho-nbaker,MengZhang,dadoonet
iloveitaly,iloveitaly,MosesMendoza,cam156,blkperl,lslezak
trek,trek,ebryn,twokul,joliss,thomasboyt
rpflorence,rpflorence,alsotang,DamonOehlman,arv,1602
stdavis,stdavis,garbados,warner,leplatrem,tofumatt
ipa-fmw,ipa-fmw,astrofrog,nouiz,jakevdp,kennethreitz
ejholmes,ejholmes,ivanoats,tagomoris,badboy,mbklein
abenari,abenari,alindeman,fnichol,docwhat,JuanitoFatas
ametaireau,ametaireau,iElectric,mauritsvanrees,acatton,gthb
ipeychev,ipeychev,marcellustavares,JorgeFerrer,laszlocsontos,marclundgren
maximeprades,maximeprades,GianlucaGuarini,MauriceButler,vesln,cbotsikas
matthewp,matthewp,alexmingoia,mbostock,jeffharrell,DamonOehlman
ipa-fxm,cgohlke,ipa-fxm,matthew-brett,tseaver,ipa-nhg
caitp,caitp,meteormatt,guille,mzgol,ajoslin
kyanny,kyanny,badboy,tagomoris,orta,mbklein
betweenbrain,betweenbrain,jmalloc,cebe,ronanguilloux,Eric-Brison
KoryNunn,KoryNunn,euforic,janantala,serby,amasad
f2prateek,f2prateek,danbev,nuest,danielpassos,asfgit
chrishunt,chrishunt,printercu,aredridel,PragTob,benbalter
sue445,sue445,fgrehm,hectcastro,jcoglan,peterberkenbosch
mibamur,mibamur,jrf0110,arian,HeroicEric,Daniel-Hug
mbautin,mbautin,JeanMertz,anjackson,jdeolive,sue445
jsuchome,jsuchome,deiga,parkr,rackerjoe,cloudedge
scribu,scribu,hkdobrev,nubs,jprice,phalcon
bobthecow,bobthecow,davidcelis,heathd,jasonkarns,BanzaiMan
jlongster,jlongster,sapegin,Bryukh,dracos,darobin
adrienbrault,adrienbrault,shieldo,stloyd,schmittjoh,dantleech
ttthanh,ttthanh,VineetReynolds,mprins,aslakknutsen,jharting
FokkeZB,FokkeZB,appleboy,esteinborn,bendiy,gobengo
roderik,roderik,shrikeh,RobinvdVleuten,rjocoleman,CloCkWeRX
toranb,toranb,coderhaoxin,alexgorbatchev,frankrousseau,daffl
rfk,rfk,kizu,tofumatt,myint,mjumbewu
bryanhiggins,bryanhiggins,jamielinux,tadatuta,raymondfeng,phated
jmalloc,jmalloc,betweenbrain,whatthejeff,cebe,crynobone
ajstanley,ajstanley,umpirsky,bakura10,staabm,mickaelandrieu
anatol,anatol,mlafeldt,mezis,dieterdemeyer,douglaswth
flyerhzm,flyerhzm,timoschilling,jcasimir,darrencauthon,r7kamura
eddiemonge,eddiemonge,stephenmathieson,dominictarr,TooTallNate,isaacs
dahlia,dahlia,bosim,avoinea,kiorky,pysailor
mezis,mezis,mlafeldt,anatol,douglaswth,dieterdemeyer
jockri,jockri,aequasi,Klap-in,michitux,kurund
Stuk,Stuk,benjamn,petehunt,ProLoser,hueniverse
banyan,banyan,tmatilai,huoxito,sax,apenney
chadlung,chadlung,mahmoudimus,reaperhulk,mekarpeles,nemesisdesign
oncletom,oncletom,JacksonTian,vojtajina,hughsk,jgable
pat,pat,gabebw,bflad,ke4,dlackty
manuq,manuq,mjhea0,jirwin,marcoscaceres,crccheck
james2doyle,james2doyle,aaronjorbin,prashtx,a9un9hari,appleboy
1602,arv,1602,bengourley,raymondfeng,alsotang
joscha,joscha,zaach,arunoda,Contra,unwiredben
DrkMatr1984,DrkMatr1984,andylyall,Lucariatias,tterrag1098,codjo
Swaagie,Swaagie,alexgorbatchev,deepak1556,OliverJAsh,coderhaoxin
makasim,makasim,norzechowicz,stephpy,sebastianbergmann,TomHAnderson
cam156,cam156,blkperl,MosesMendoza,iloveitaly,lslezak
tmeasday,tmeasday,raix,jordanilchev,amasad,neoziro
afeld,afeld,zenspider,abenari,ohadlevy,justincampbell
nubs,nubs,Daniel-Hug,deepak1556,arian,jherdman
pboling,pboling,edgarSilva,JangoSteve,daguar,cjcolvar
LeaVerou,LeaVerou,gobengo,bendiy,esteinborn,thoop
kmike,kmike,snopoke,willkg,dannyroberts,robhudson
peterberkenbosch,peterberkenbosch,soulcutter,ghoneycutt,fgrehm,solnic
umpirsky,umpirsky,ajstanley,bakura10,mickaelandrieu,jmikola
aways,aways,VlikeBanana,Jaiglissechef-i9100,Vexatos,jglick
keflavich,keflavich,pelson,astrofrog,ipa-fmw,jakevdp
kurund,kurund,aequasi,Jako,michitux,takeit
jonschlinkert,jonschlinkert,thanpolas,philfreo,joeybaker,clkao
jamielinux,jamielinux,tadatuta,phated,raymondfeng,Dignifiedquire
norzechowicz,norzechowicz,makasim,stephpy,sebastianbergmann,TomHAnderson
crynobone,crynobone,jmalloc,mvriel,cebe,Anahkiasen
ctrueden,ctrueden,jdillon,nacx,andreaturli,stevenschlansker
Axam,Axam,meatballhat,dpaterson,lzap,rajinir
tmcw,tmcw,yields,ericf,domenic,ianstormtaylor
jeremyf,jeremyf,garysweaver,haus,sonots,myronmarston
nicolejpaz,nicolejpaz,gkellogg,matthias-guenther,cldwalker,tansaku
sethvincent,sethvincent,zeke,faceleg,hatchan,thoop
shuyangzhou,shuyangzhou,robertoDiaz,topolik,ealonso,rotty3000
lslezak,lslezak,MosesMendoza,jreidinger,iloveitaly,branan
pamval,pamval,nicks,alediator,youxiachai,ansell
ahilles107,ahilles107,cableman,tractorcow,aik099,schmunk42
m8ttyB,m8ttyB,lmacken,miracle2k,lukasgraf,Osmose
zspencer,zspencer,clayallsopp,JangoSteve,daguar,jpmckinney
treyhunner,treyhunner,bobsilverberg,acdha,biyeun,yedi
Lucariatias,Lucariatias,tterrag1098,andylyall,DrkMatr1984,SAC-CS
andrewgross,andrewgross,paulczar,wilreichert,invsblduck,bodepd
spiffyjr,spiffyjr,stojg,cedricziel,sheadawson,ruudk
patrickkettner,patrickkettner,kissygallery,scottgonzalez,remy,mafintosh
alexgorbatchev,alexgorbatchev,coderhaoxin,frankrousseau,toranb,lipis
llh1,llh1,minad,dlackty,ke4,kobliha
gvwilson,gvwilson,phalcon,robyoung,ahmadia,CodeBlock
ipa-nhg,ipa-nhg,toastdriven,niwibe,ipa-fxm,cgohlke
elioschmutz,elioschmutz,andymckay,pmclanahan,tdesvenain,esc
mvriel,mvriel,adrianmacneil,camspiers,wimvds,mbeall
richo,richo,jackfranklin,springmeyer,ugisozols,pikesley
staabm,staabm,hason,guilhermeblanco,romainneutron,henrikbjorn
atomic-penguin,atomic-penguin,sawanoboly,sonots,haus,le0pard
do3cc,do3cc,pydanny,keul,lukasgraf,Osmose
Ocramius,Ocramius,dbu,igorw,Seldaek,WouterJ
dmathieu,dmathieu,michaelklishin,rkh,hsbt,patcon
bfontaine,bfontaine,splattael,stevenharman,myronmarston,raphink
halfdan,halfdan,tomhughes,stewart,bencevans,faceleg
adrienthebo,adrienthebo,kares,eLobato,calebthompson,mvidner
mfairchild365,mfairchild365,jpdevries,gregorybesson,bezumkin,mhor
joshbetz,joshbetz,verdet23,jdalsem,bueltge,chirimoya
fcurella,fcurella,mauritsvanrees,kanzure,esc,andymckay
willmot,willmot,emanwebdev,eileenmcnaughton,wagnert,koriym
shane-tomlinson,shane-tomlinson,MatthewMueller,vladikoff,guybedford,btford
stuntguy3000,stuntguy3000,pylerSM,marcioendo,nicolas-f,AbrarSyed
hemanth,hemanth,mikermcneil,Rich-Harris,gaye,asutherland
rgrp,rgrp,myint,ebidel,toranb,coderhaoxin
mcepl,mcepl,stdavis,kizu,tofumatt,rfk
Sanne,Sanne,gunnarmorling,JakeWharton,bdvholmes,andrewgaul
jamtur01,jamtur01,blackjid,komidore64,srt32,ehelms
abubeck,abubeck,reinout,stephendonner,avelino,sander1
Nami-Doc,Nami-Doc,thomasboyt,twokul,teddyzeenny,ianstormtaylor
splitbrain,splitbrain,wilr,rdohms,docteurklein,eymengunay
cloudedge,cloudedge,parkr,arkadykanevsky,cdearborn,fatbusinessman
vicb,vicb,jubianchi,ruebot,robocoder,dereuromark
ezzatron,ezzatron,sminnee,K-Phoen,halkyon,dokuwiki-translate
whatthejeff,whatthejeff,jmalloc,betweenbrain,cebe,crynobone
jvazquez-r7,jvazquez-r7,todb-r7,sethvargo,jtimberman,sferik
tagomoris,tagomoris,badboy,orta,igrigorik,kyanny
euforic,euforic,amasad,serby,KoryNunn,janantala
abrkn,abrkn,MauriceButler,bebraw,maximeprades,GianlucaGuarini
sonots,sonots,sawanoboly,garysweaver,atomic-penguin,jeremyf
normanmaurer,normanmaurer,jdillon,cowtowncoder,andrewgaul,stevenschlansker
mgcrea,mgcrea,necolas,paulirish,bajtos,robertkowalski
bkeepers,bkeepers,petems,sax,prathamesh-sonpatki,tenderlove
cbeer,cbeer,r7kamura,torandu,timoschilling,flyerhzm
tractorcow,tractorcow,ahilles107,aik099,cableman,TomHAnderson
pentaho-nbaker,pentaho-nbaker,rfellows,matthesrieke,PaulVI,jexp
robinboehm,robinboehm,mikaelkaron,desandro,jaredhanson,dandv
codjo,codjo,fredericBregier,DrkMatr1984,andylyall,Lucariatias
sander1,sander1,stephendonner,esc,niwibe,reinout
patrickarlt,patrickarlt,mikolalysenko,jeffharrell,jprichardson,narqo
ktmud,ktmud,leplatrem,garbados,nlf,stdavis
youxiachai,youxiachai,alediator,pamval,ansell,nicks
rmccue,rmccue,mhor,bezumkin,jpdevries,mfairchild365
JangoSteve,JangoSteve,daguar,markrickert,cjcolvar,edgarSilva
LaurentGoderre,skeggse,LaurentGoderre,ben-ng,aldafu,vanetix
thoop,thoop,searls,LeaVerou,sethvincent,zeke
niwibe,niwibe,toastdriven,ipa-nhg,sander1,cgohlke
coderhaoxin,coderhaoxin,alexgorbatchev,toranb,frankrousseau,spicyj
docteurklein,docteurklein,rdohms,splitbrain,wilr,superdweebie
mlandauer,mlandauer,seejohnrun,cldwalker,gkellogg,tansaku
markijbema,markijbema,dblock,heathd,rosenfeld,matthewford
kevinburke,kevinburke,willkg,kmike,snopoke,rgbkrk
franzliedke,franzliedke,garak,nickvergessen,h4cc,mnapoli
jrief,jrief,groovecoder,matthewwithanm,mitar,cvan
akaptur,akaptur,taldcroft,Fantomas42,metaodi,pwaller
avoinea,avoinea,pysailor,dahlia,bosim,shopgirl284
lukasgraf,lukasgraf,pydanny,m8ttyB,miracle2k,lmacken
deiga,deiga,jsuchome,rackerjoe,rajinir,meatballhat
jhoblitt,jhoblitt,futhr,solnic,bodepd,branan
lipis,lipis,alexgorbatchev,coderhaoxin,Swaagie,frankrousseau
wvanbergen,wvanbergen,leereilly,JustinAiken,kerrizor,jnunemaker
Robert-Frampton,Robert-Frampton,mdelapenya,brianchandotcom,jbalsas,natecavanaugh
jamesward,jamesward,lloydwatkin,azakus,just-boris,feross
tlvince,tlvince,anatol,PikachuEXE,drnic,eiel
dannyroberts,dannyroberts,czue,ralphbean,mrocklin,kmike
rjocoleman,rjocoleman,jpmckinney,zspencer,clayallsopp,eric
dankilman,dankilman,Kenneth-T-Moore,meshy,elbaschid,thomasleveil
michaelklishin,michaelklishin,dmathieu,rkh,hsbt,frodsan
cvan,cvan,groovecoder,bruth,myint,matthewwithanm
SimonSapin,SimonSapin,nemesisdesign,mekarpeles,akaptur,metaodi
EmmanuelVella,EmmanuelVella,nicolas-bastien,hason,guilhermeblanco,henrikbjorn
ebidel,ebidel,alrra,spicyj,rgrp,coderhaoxin
jubianchi,jubianchi,vicb,robocoder,dereuromark,ruebot
juliandunn,juliandunn,JonRowe,charliesome,kirs,domcleal
dgolovin,dgolovin,darranl,ctomc,MBQ-,MightyBear007
codeinthehole,codeinthehole,JustinSGray,kiorky,thet,glogiotatidis
mhor,mhor,bezumkin,jpdevries,rmccue,mfairchild365
joschi,joschi,heuermh,johnjohndoe,pconrad,codjo
eLobato,eLobato,calebthompson,robertomiranda,kares,adrienthebo
alex,alex,jezdez,yarikoptic,dstufft,jone
nuest,nuest,danbev,matthesrieke,danielpassos,trangvh
Neamar,Neamar,migurski,nemesisdesign,justinabrahms,mekarpeles
rchavik,rchavik,EvanDotPro,pjedrzejewski,dereuromark,superdweebie
kylef,kylef,fukayatsu,fabiokr,futoase,dcarley
jdeolive,jdeolive,anjackson,gregturn,mbautin,JeanMertz
yhahn,yhahn,freewil,asciidisco,aenario,simonwex
alindeman,alindeman,docwhat,fnichol,abenari,JuanitoFatas
janantala,janantala,KoryNunn,euforic,serby,vesln
sawanoboly,sawanoboly,sonots,atomic-penguin,garysweaver,haus
portertech,portertech,robertomiranda,reset,Irio,calebthompson
PragTob,PragTob,chrishunt,printercu,odi-robot,aredridel
johnnyhowey,johnnyhowey,zsagia,pat270,eduardolundgren,migue
willkg,willkg,kmike,kevinburke,snopoke,dannyroberts
pitr-ch,pitr-ch,carlossg,eiel,le0pard,mezis
tgriesser,tgriesser,fengmk2,wyuenho,jrburke,lightsofapollo
lonnen,lonnen,vangheem,mjumbewu,jean,stefanw
masarakki,masarakki,PikachuEXE,phoet,eiel,carlossg
glogiotatidis,glogiotatidis,lukasgraf,pydanny,JustinSGray,sharoonthomas
wimvds,wimvds,Vinai,ronanguilloux,AndreasHeiberg,AgelxNash
marcoscaceres,marcoscaceres,jirwin,LeaVerou,juanluisrp,bendiy
matthewfl,matthewfl,mekarpeles,joneshf,mahmoudimus,justinabrahms
kud,kud,bcardarella,wilmoore,forkbot,Zearin
nicks,nicks,pamval,alediator,youxiachai,ansell
acatton,acatton,iElectric,pypingou,ametaireau,gthb
gregcaporaso,gregcaporaso,tseaver,matthew-brett,ipa-fxm,cgohlke
kares,kares,adrienthebo,eLobato,calebthompson,garysweaver
solnic,solnic,ghoneycutt,soulcutter,futhr,peterberkenbosch
zaach,zaach,arunoda,unwiredben,mcollina,joscha
mahmoudimus,mahmoudimus,dahlia,chadlung,mekarpeles,bosim
elia,elia,deadprogram,aredridel,chrishunt,cjohansen
hectcastro,hectcastro,fgrehm,titanous,peterberkenbosch,sue445
lmacken,lmacken,m8ttyB,miracle2k,lukasgraf,Osmose
dcarley,dcarley,zuazo,futoase,kytrinyx,danielsdeleo
stevendgonzales,stevendgonzales,djmitche,tombooth,mattupstate,ryandub
bdvholmes,bdvholmes,fbricon,gunnarmorling,buckett,Sanne
warner,warner,garbados,stdavis,tofumatt,kizu
jbalsas,jbalsas,natecavanaugh,vilmospapp,brianchandotcom,mdelapenya
joefiorini,joefiorini,eviltrout,xtian,cavneb,MoOx
gsaunier,gsaunier,chirimoya,wp-plugins-user,jdalsem,diglin
gjohnson,gjohnson,asutherland,mikermcneil,Rich-Harris,gaye
sbesson,sbesson,joshmoore,stonier,thomasleveil,miracle2k
coderaiser,coderaiser,seanmonstar,EvanHahn,ScottDowne,sam-github
pippinsplugins,pippinsplugins,joehoyle,Klap-in,mattheu,unclecheese
GaryJones,GaryJones,real34,brendo,mbeall,Eric-Brison
unwiredben,unwiredben,zaach,mcollina,arunoda,Contra
marclundgren,marclundgren,matethurzo,ipeychev,marcellustavares,JorgeFerrer
toastdriven,toastdriven,ipa-nhg,niwibe,ipa-fxm,cgohlke
cmfcmf,cmfcmf,DeepDiver1975,WinterSilence,pulse00,andreasisaak
oleg-nenashev,oleg-nenashev,imod,rwinch,stephenc,ikedam
prashtx,prashtx,FokkeZB,hampelm,appleboy,esteinborn
esteinborn,esteinborn,gobengo,FokkeZB,appleboy,bendiy
weakish,weakish,Mithgol,simong,aldafu,darobin
andrew,andrew,ai,ixti,janl,demands
shouze,shouze,till,robocoder,rande,jubianchi
seejohnrun,seejohnrun,mlandauer,cldwalker,gkellogg,tansaku
jdan,jdan,mbj,odi-robot,ehelms,cjohansen
thomasleveil,thomasleveil,Kenneth-T-Moore,larsmans,elbaschid,dankilman
nathanlws,nathanlws,tarelli,psgs,fredericBregier,pconrad
igrigorik,igrigorik,tagomoris,orta,repeatedly,badboy
kiorky,kiorky,dahlia,codeinthehole,bosim,gotcha
bueltge,bueltge,jdalsem,beck24,chirimoya,verdet23
methane,methane,reinout,sander1,niwibe,toastdriven
blzaugg,blzaugg,mhan810,jhinkey,lipusz,natecavanaugh
Krinkle,Krinkle,jaredly,balupton,ProLoser,tkellen
olivergierke,olivergierke,stevenschlansker,andrewgaul,nacx,jdillon
shopgirl284,pwaller,shopgirl284,Fantomas42,pysailor,WoLpH
jrburke,jrburke,MatthewMueller,tomByrer,vladikoff,lightsofapollo
vilmospapp,vilmospapp,natecavanaugh,jbalsas,brianchandotcom,mdelapenya
ronanguilloux,ronanguilloux,wimvds,Vinai,juriansluiman,AndreasHeiberg
davidcelis,davidcelis,heathd,Shotclog,jasonkarns,dblock
thewilkybarkid,thewilkybarkid,chillu,mbabker,guilhermeblanco,henrikbjorn
takeit,takeit,saltybeagle,cfoellmann,aequasi,wagnert
stephenc,stephenc,imod,oleg-nenashev,rwinch,andrewgaul
rogerhu,rogerhu,jaraco,schlamar,stephenmcd,ionelmc
Jaiglissechef-i9100,Jaiglissechef-i9100,Vexatos,jglick,MightyBear007,dgolovin
camspiers,camspiers,mvriel,CloCkWeRX,GaryJones,real34
narqo,narqo,tbranyen,jprichardson,mikolalysenko,Munter
bjornstar,bjornstar,mikesherov,gkorland,hariadi,gjohnson
topolik,topolik,shuyangzhou,robertoDiaz,rotty3000,ealonso
sidorares,sidorares,dead-horse,aadsm,francoisfrisch,mafintosh
zyegfryed,zyegfryed,ionelmc,chapmanb,mgedmin,jaraco
serby,serby,euforic,amasad,KoryNunn,janantala
cfoellmann,cfoellmann,wagnert,takeit,saltybeagle,cweiske
rlr,rlr,tdesvenain,pmclanahan,wjwwood,elioschmutz
matthias-guenther,matthias-guenther,tansaku,cldwalker,leereilly,nicolejpaz
nijel,nijel,scopatz,Ivoz,alimony,nickstenning
jharting,jharting,ttthanh,stuartwdouglas,jamezp,VineetReynolds
potomak,potomak,cavneb,MoOx,locks,terinjokes
kissygallery,kissygallery,scottgonzalez,kriskowal,remy,patrickkettner
jbrooksuk,jbrooksuk,mcepl,jean,lonnen,matthewfl
frankrousseau,frankrousseau,alexgorbatchev,Dignifiedquire,toranb,DamonOehlman
esoergel,esoergel,mrshu,gthb,kumar303,iElectric
aadsm,aadsm,dead-horse,sidorares,francoisfrisch,doowb
doowb,doowb,desandro,jaredhanson,dandv,gustavohenke
Munter,Munter,tbranyen,dfilatov,narqo,jsilvestre
ADmad,ADmad,lorenzo,AD7six,cebe,psi-4ward
robertkowalski,robertkowalski,mzgol,bajtos,kpdecker,mgcrea
joliss,joliss,ebryn,trek,eventualbuddha,fivetanley
arangamani,arangamani,doublerr,jdutil,iainbeeston,apenney
robertomiranda,robertomiranda,calebthompson,portertech,reset,alloy
chenglou,chenglou,cristiandouce,samccone,bjornstar,spicyj
simonwex,simonwex,sipayRT,freewil,asciidisco,aenario
mekarpeles,mekarpeles,nemesisdesign,matthewfl,mahmoudimus,avoinea
pure59,pure59,migue,johnnyhowey,eduardolundgren,pat270
maurogeorge,maurogeorge,adelevie,jordansissel,ejholmes,twinge
fbricon,fbricon,bdvholmes,buckett,gunnarmorling,nickboldt
chrisdickinson,chrisdickinson,dandv,jaredhanson,alanshaw,desandro
aik099,aik099,cableman,ahilles107,tractorcow,schmunk42
dstufft,dstufft,keflavich,pelson,ralphbean,mrocklin
aspiers,aspiers,vuntz,juliandunn,JonRowe,parndt
calebthompson,calebthompson,robertomiranda,alloy,eLobato,portertech
Remo,Remo,KingYes,dg,JeroenDeDauw,eguaj
gregturn,gregturn,jdeolive,anjackson,mbautin,JeanMertz
teeparham,teeparham,mcfiredrill,bricker,matthewford,Irio
miracle2k,miracle2k,m8ttyB,lmacken,lukasgraf,selwin
mnapoli,mnapoli,BenoitLeveque,h4cc,garak,franzliedke
JustinSGray,JustinSGray,thet,codeinthehole,glogiotatidis,jihoonl
VictorLowther,VictorLowther,tboerger,arthurnn,vipulnsward,alext
digitalextremist,digitalextremist,johnbellone,rmm5t,ConradIrwin,chulkilee
jbuck,jbuck,joeybaker,balupton,kevinsawicki,gr2m
jlambert121,jlambert121,mvidner,atomic-penguin,adrienthebo,haus
pjedrzejewski,pjedrzejewski,superdweebie,EvanDotPro,ahilles107,cableman
iandees,iandees,nicolejpaz,gkellogg,adamjacobbecker,amiel
unclecheese,unclecheese,dmi3yy,amcgowanca,pippinsplugins,michitux
nschonni,nschonni,addyosmani,stefanpenner,substack,rvagg
skottler,skottler,zimbatm,sodabrew,tmatilai,schneems
mjumbewu,mjumbewu,mjallday,bruth,lonnen,vangheem
rosenfeld,rosenfeld,matthewford,kou,tarcieri,chulkilee
tdesvenain,tdesvenain,elioschmutz,andymckay,pmclanahan,rlr
hsbt,hsbt,maxlinc,Peeja,dmathieu,michaelklishin
lorenzo,lorenzo,AD7six,psi-4ward,ADmad,cebe
kpiwko,kpiwko,smiklosovic,jmesnil,danielpassos,fbricon
stephendonner,stephendonner,reinout,sander1,esc,avelino
danielbeardsley,danielbeardsley,loopj,jeremyfelt,markrickert,bcoe
dracos,dracos,jlongster,Bryukh,darobin,sapegin
rlidwka,rlidwka,Gozala,3rd-Eden,tkellen,yorkie
lynnaloo,lynnaloo,cbotsikas,MauriceButler,GianlucaGuarini,vesln
ruudk,ruudk,danielbachhuber,cedricziel,jeremeamia,spiffyjr
jcrugzz,jcrugzz,ScottDowne,sam-github,EvanHahn,seanmonstar
fabiokr,fabiokr,fukayatsu,futoase,kylef,prometheanfire
Vinai,Vinai,AgelxNash,AndreasHeiberg,sheadawson,wimvds
iNecas,iNecas,guilleiguaran,rmm5t,spheromak,johnbellone
kesla,kesla,demands,janl,glebm,defunctzombie
henrikhodne,henrikhodne,westonplatter,krainboltgreene,SamSaffron,vinayvinay
mathiasbynens,mathiasbynens,rjackson,machty,stefanpenner,nschonni
thedrow,thedrow,wking,whit537,sigmavirus24,treyhunner
mattrobenolt,mattrobenolt,cvrebert,rgbkrk,robyoung,ahmadia
mapleoin,mapleoin,dirkmueller,waynepallen,VictorLowther,rhafer
JustinAiken,JustinAiken,wvanbergen,leereilly,kerrizor,pat
larsmans,larsmans,elbaschid,Kenneth-T-Moore,thomasleveil,meshy
gsamokovarov,gsamokovarov,Aaron1011,ixti,brixen,printercu
rschmukler,rschmukler,papandreou,latentflip,caridy,Contra
blkperl,blkperl,cam156,MosesMendoza,iloveitaly,lslezak
amiel,amiel,jasonnoble,jpadilla,infininight,colinta
mhan810,mhan810,jhinkey,lipusz,KocsisDaniel,epgarcia
mikeal,mikeal,jdalton,alicoding,coderaiser,seanmonstar
s0undt3ch,s0undt3ch,cloudnull,openstack-gerrit,tychoish,streeter
branan,branan,jreidinger,bodepd,lslezak,komidore64
Irio,Irio,reset,bricker,portertech,robertomiranda
remy,remy,kissygallery,mafintosh,patrickkettner,kriskowal
alfredodeza,alfredodeza,titoBouzout,guillermo-carrasco,metaodi,akaptur
alanshaw,alanshaw,cadecairos,dandv,anthonyshort,papandreou
jherdman,jherdman,locks,xtian,glebm,Bartvds
VineetReynolds,VineetReynolds,ttthanh,aslakknutsen,mprins,trangvh
yarikoptic,yarikoptic,asmeurer,dstufft,maethu,jone
AD7six,AD7six,lorenzo,psi-4ward,ADmad,cebe
stojg,stojg,sheadawson,AndreasHeiberg,AgelxNash,spiffyjr
CodeBlock,CodeBlock,Turbo87,nickstenning,scopatz,konklone
kumar303,kumar303,mrshu,esoergel,mgaitan,brutasse
mpapis,mpapis,frodsan,steventux,tamird,BanzaiMan
mitar,mitar,matthewwithanm,groovecoder,jrief,alrra
chapmanb,chapmanb,zyegfryed,ionelmc,selwin,moorepants
mbeall,mbeall,real34,brendo,adrianmacneil,GaryJones
infininight,infininight,jpadilla,amiel,colinta,tansaku
cbotsikas,cbotsikas,vesln,MauriceButler,janantala,lynnaloo
biyeun,biyeun,acdha,bobsilverberg,treyhunner,robhudson
mislav,mislav,jcoyne,GregSutcliffe,simi,zzak
zsagia,zsagia,johnnyhowey,brunobasto,pat270,eduardolundgren
jprice,jprice,hkdobrev,scribu,Anahkiasen,shouze
philandstuff,philandstuff,brixen,gjtorikian,kytrinyx,dcarley
briancavalier,briancavalier,phuu,ZDroid,jiyinyiyong,unwiredben
eduardolundgren,eduardolundgren,pat270,johnnyhowey,zsagia,pure59
lol768,lol768,normanmaurer,dsyer,RyanTech,trangvh
skeggse,skeggse,LaurentGoderre,ben-ng,aldafu,vanetix
migue,migue,pure59,johnnyhowey,eduardolundgren,pat270
ghoneycutt,ghoneycutt,soulcutter,peterberkenbosch,solnic,douglaswth
moorepants,moorepants,chapmanb,stephenmcd,zyegfryed,Ivoz
yakky,yakky,acatton,lmacken,aaugustin,ametaireau
zenspider,zenspider,afeld,vinayvinay,iHiD,abenari
Peeja,Peeja,benlangfeld,pencil,prathamesh-sonpatki,lucasmazza
mistydemeo,mistydemeo,stevendanna,guilhem,ares,ranjib
deiferni,deiferni,bebef1987,AndreiH,mgaitan,yedi
darobin,darobin,caolan,popomore,sapegin,freewil
docwhat,docwhat,fnichol,alindeman,abenari,JuanitoFatas
balupton,balupton,kevva,ProLoser,oncletom,hueniverse
blaugueux,blaugueux,spiffyjr,stojg,wimvds,sheadawson
PunKeel,PunKeel,jockri,pippinsplugins,Klap-in,joehoyle
faceleg,faceleg,zeke,bahamas10,hatchan,hampelm
pysailor,pysailor,avoinea,pwaller,shopgirl284,Fantomas42
nonZero,nonZero,crccheck,smn,edsu,nemesisdesign
burzum,burzum,eko,jeremeamia,Bladrak,nyeholt
domoritz,domoritz,smith,gianpaj,cloudnull,nirvdrum
jcasimir,jcasimir,flyerhzm,srt32,timoschilling,blkperl
jaraco,jaraco,schlamar,ionelmc,zyegfryed,stephenmcd
kanzure,kanzure,fcurella,mauritsvanrees,ametaireau,khink
Tschanzt,Tschanzt,tfoote,Natim,wolever,ninfaj
alexandresalome,alexandresalome,rande,mickaelandrieu,shouze,bakura10
bosim,bosim,dahlia,avoinea,kiorky,pysailor
gustavohenke,gustavohenke,desandro,mikaelkaron,jaredhanson,doowb
aenario,aenario,asciidisco,simonwex,sipayRT,simong
matethurzo,matethurzo,marclundgren,ipeychev,marcellustavares,JorgeFerrer
caolan,caolan,freewil,sipayRT,simonwex,darobin
jgmize,jgmize,dirk-thomas,stdweird,JensTimmerman,kennethreitz
zuazo,zuazo,dcarley,bfontaine,futoase,prometheanfire
RWOverdijk,RWOverdijk,barryvdh,WebReflection,grncdr,spicyj
CTLocalGovTeam,CTLocalGovTeam,twilson63,searls,mjhea0,LeaVerou
ryandub,ryandub,jordansissel,ejholmes,ivanoats,adelevie
jpadilla,jpadilla,infininight,amiel,colinta,jasonnoble
benbalter,benbalter,aredridel,printercu,chrishunt,PragTob
wking,wking,thedrow,arokem,ahmadia,whit537
stevendanna,stevendanna,mistydemeo,ares,petergoldstein,bf4
robwierzbowski,robwierzbowski,jfirebaugh,chris-rock,arian,deepak1556
adelevie,adelevie,maurogeorge,jordansissel,twinge,bcoe
jasonkarns,jasonkarns,davidcelis,Shotclog,heathd,dblock
pencil,pencil,benlangfeld,Peeja,prathamesh-sonpatki,remiprev
jackfranklin,jackfranklin,richo,springmeyer,josh,pikesley
cristiandouce,cristiandouce,samccone,Swatinem,Dignifiedquire,jzaefferer
mrshu,mrshu,esoergel,kumar303,mgaitan,deiferni
stephenmathieson,stephenmathieson,dominictarr,TooTallNate,isaacs,maxogden
edewit,edewit,jsoref,weakish,ansell,raix
arokem,arokem,wking,kmike,czue,dannyroberts
blackjid,blackjid,jamtur01,komidore64,ehelms,srt32
real34,real34,GaryJones,brendo,mbeall,Eric-Brison
RyanTech,RyanTech,dsyer,mcculls,cstamas,AbrarSyed
komidore64,komidore64,blackjid,ehelms,jamtur01,branan
philfreo,philfreo,clkao,mgcrea,kpdecker,necolas
danielsdeleo,danielsdeleo,prometheanfire,futoase,invsblduck,pitr-ch
pelson,pelson,keflavich,mrocklin,ralphbean,astrofrog
jeremeamia,jeremeamia,Hywan,denis-sokolov,ruudk,danielbachhuber
BanzaiMan,BanzaiMan,tamird,ScotterC,steventux,andypiper
EvanHahn,EvanHahn,ScottDowne,jcrugzz,sam-github,seanmonstar
rexxars,rexxars,prashtx,FokkeZB,bendiy,appleboy
mvrhov,mvrhov,NamelessCoder,nickvergessen,h4cc,gnugat
aaronjorbin,aaronjorbin,james2doyle,prashtx,a9un9hari,rexxars
MoOx,MoOx,PascalPrecht,terinjokes,potomak,cavneb
SBoudrias,SBoudrias,thlorenz,k88hudson,pdehaan,meteormatt
titanous,titanous,drnic,fgrehm,hectcastro,peterberkenbosch
gastaldi,gastaldi,lincolnthree,ndeloof,gregturn,mojavelinux
tofumatt,tofumatt,kizu,rfk,warner,stdavis
desandro,desandro,jaredhanson,dandv,gustavohenke,doowb
ehelms,ehelms,mbj,komidore64,jcoglan,blackjid
Bartvds,Bartvds,OliverJAsh,ronkorving,deepak1556,Swaagie
lucasmazza,lucasmazza,johnnyshields,andypiper,remiprev,benlangfeld
cavneb,cavneb,xtian,eviltrout,joefiorini,potomak
EvanDotPro,EvanDotPro,pjedrzejewski,superdweebie,rchavik,cableman
ionelmc,ionelmc,zyegfryed,mgedmin,aaugustin,khink
masondesu,masondesu,hatchan,bahamas10,faceleg,zeke
Dignifiedquire,Dignifiedquire,airportyh,alsotang,DamonOehlman,arv
aheckmann,aheckmann,dracos,jlongster,Bryukh,roc
garak,garak,mnapoli,K-Phoen,franzliedke,halkyon
mjhea0,mjhea0,manuq,jirwin,marcoscaceres,CTLocalGovTeam
uwej711,uwej711,beberlei,dantleech,nicolas-bastien,tristanlins
bodepd,bodepd,branan,jreidinger,jhoblitt,wilreichert
twilson63,twilson63,CTLocalGovTeam,searls,thoop,mjhea0
snjeza,snjeza,nickboldt,buckett,maxandersen,ctomc
KenanY,KenanY,iceniumsamples,sokra,particlebanana,RReverser
codekitchen,codekitchen,jnunemaker,colinta,wvanbergen,kerrizor
bebraw,bebraw,calvinfo,chilijung,nlf,KoryNunn
vanetix,vanetix,ben-ng,LaurentGoderre,skeggse,aldafu
seanmonstar,seanmonstar,coderaiser,sam-github,ScottDowne,EvanHahn
annashipman,annashipman,konklone,treeder,igalic,jpmckinney
takluyver,takluyver,jone,maethu,ivanov,asmeurer
selwin,selwin,miracle2k,larsmans,elbaschid,lmacken
timoschilling,timoschilling,r7kamura,flyerhzm,jcasimir,jdurand
anjackson,anjackson,jdeolive,mbautin,JeanMertz,gregturn
diglin,diglin,verdet23,mfairchild365,gregorybesson,rmccue
nesquena,nesquena,leereilly,wvanbergen,tansaku,JustinAiken
retr0h,retr0h,ranjib,docwhat,jcoyne,alindeman
sodabrew,sodabrew,zimbatm,schneems,apenney,tmatilai
bencevans,bencevans,tomhughes,stewart,Trott,halfdan
secondsun,secondsun,kpiwko,smiklosovic,gunnarmorling,fbricon
bengourley,bengourley,raymondfeng,arv,1602,phated
r7kamura,r7kamura,timoschilling,torandu,jdurand,rafecolton
JohnMcLear,JohnMcLear,svnlto,hemanth,gaye,Rich-Harris
amasad,amasad,euforic,serby,jordanilchev,KoryNunn
remiprev,remiprev,johnnyshields,johnbellone,guilleiguaran,lucasmazza
bf4,bf4,GregSutcliffe,ares,simi,mislav
gegere,gegere,jeremyfelt,rjmackay,cweiske,CloCkWeRX
Daniel-Hug,Daniel-Hug,deepak1556,arian,jfirebaugh,chris-rock
andypiper,andypiper,lucasmazza,johnnyshields,remiprev,maxlinc
Klap-in,Klap-in,michitux,joehoyle,mattheu,pippinsplugins
mattupstate,mattupstate,tombooth,djmitche,openstack-gerrit,stevendgonzales
ivanov,ivanov,takluyver,jone,maethu,asmeurer
laszlocsontos,laszlocsontos,JorgeFerrer,marcellustavares,ealonso,ipeychev
machty,machty,teddyzeenny,fivetanley,twokul,thomasboyt
daffl,daffl,gjohnson,gkorland,asutherland,mikermcneil
stephpy,stephpy,norzechowicz,sebastianbergmann,makasim,TomHAnderson
ajoslin,ajoslin,meteormatt,guille,caitp,mzgol
aschempp,aschempp,GrahamCampbell,dereuromark,jubianchi,harikt
DamonOehlman,DamonOehlman,alsotang,rpflorence,arv,1602
jprichardson,jprichardson,mikolalysenko,patrickarlt,narqo,jeffharrell
djmitche,djmitche,tombooth,stevendgonzales,treeder,mattupstate
jrf0110,jrf0110,mibamur,arian,Daniel-Hug,chris-rock
MosesMendoza,MosesMendoza,lslezak,blkperl,iloveitaly,cam156
Rich-Harris,Rich-Harris,gaye,asutherland,mikermcneil,hemanth
baldurrensch,baldurrensch,AndreasHeiberg,stojg,sheadawson,Vinai
K-Phoen,K-Phoen,sminnee,halkyon,ezzatron,dokuwiki-translate
chulkilee,chulkilee,kou,ConradIrwin,rosenfeld,tarcieri
rwinch,rwinch,oleg-nenashev,imod,stephenc,stevenschlansker
MBQ-,MBQ-,ctomc,darranl,MightyBear007,dgolovin
kizu,kizu,tofumatt,rfk,warner,stdavis
dominikzogg,dominikzogg,taylorotwell,chillu,samsonasik,thewilkybarkid
