btm,btm,reaperhulk,wvanbergen,robertchoi8099,ikedam
defunctzombie,defunctzombie,frankrousseau,tomhughes,ktmud,dahlia
ealonso,ealonso,sergiogonzalez,JorgeFerrer,moltam89,csierra
ahmadia,ahmadia,JensTimmerman,nouiz,stdweird,boegel
treeder,treeder,jpadilla,gegere,adelevie,jasonnoble
jeremyfelt,jeremyfelt,willmot,danielbachhuber,joehoyle,aaronjorbin
peterbe,peterbe,m8ttyB,stephendonner,pmclanahan,glogiotatidis
dereuromark,dereuromark,lynnaloo,bendiy,cweiske,jasonnoble
stewart,stewart,edgarSilva,deadprogram,abotalov,jdurand
andymckay,andymckay,pmclanahan,WoLpH,nemesisdesign,lonnen
andylyall,andylyall,bitdeli-chef,gregorybesson,tansaku,pombredanne
Turbo87,Turbo87,alfredodeza,leplatrem,patrickarlt,ktmud
justinabrahms,justinabrahms,akaptur,pydanny,chrisdickinson,samccone
ruebot,ruebot,daniel-dgi,qadan,MorganDawe,willtp87
cvrebert,cvrebert,warner,kiorky,sharoonthomas,elbaschid
shrikeh,shrikeh,guillermo-carrasco,steventux,pjedrzejewski,matthewford
domcleal,domcleal,branan,MosesMendoza,komidore64,pitr-ch
juliocamarero,juliocamarero,sergiogonzalez,JorgeFerrer,moltam89,csierra
arunoda,arunoda,tmeasday,raix,silverbucket,PaulVI
ai,ai,james2doyle,sokra,amiel,sapegin
bobsilverberg,bobsilverberg,m8ttyB,stephendonner,gaye,AndreiH
taylorotwell,taylorotwell,gobengo,cedricziel,NamelessCoder,vesln
Contra,Contra,appleboy,euforic,KenanY,phated
dantleech,dantleech,eko,Bladrak,baldurrensch,eymengunay
jreidinger,jreidinger,kobliha,lslezak,jsuchome,mvidner
chris-rock,chris-rock,silverbucket,JohnMcLear,andris9,simong
alrra,alrra,simong,garbados,prashtx,Asmod4n
vojtajina,vojtajina,janantala,patrickarlt,arv,appleboy
Eric-Brison,Eric-Brison,eguaj,bitdeli-chef,gregorybesson,tansaku
deepak1556,deepak1556,mrocklin,scopatz,darobin,cavneb
tansaku,tansaku,bitdeli-chef,gregorybesson,thomasleveil,twilson63
trangvh,trangvh,edsu,kissygallery,daguar,ttthanh
epgarcia,epgarcia,JorgeFerrer,moltam89,csierra,ealonso
tfoote,tfoote,adamantivm,abubeck,ipa-fmw,dirk-thomas
douglaswth,douglaswth,mbautin,cwjohnston,invsblduck,spheromak
mcculls,mcculls,andrewgaul,jdillon,cstamas,asfgit
torandu,torandu,frankrousseau,vuntz,mvidner,aenario
edgarSilva,edgarSilva,stewart,deadprogram,PragTob,abotalov
tas50,tas50,robertchoi8099,rafecolton,CloCkWeRX,bcoe
KocsisDaniel,KocsisDaniel,sergiogonzalez,JorgeFerrer,moltam89,csierra
jpmckinney,jpmckinney,hampelm,sethvincent,migurski,joshmoore
Zearin,Zearin,narqo,dadoonet,andrewgaul,WoLpH
sergiogonzalez,sergiogonzalez,JorgeFerrer,moltam89,csierra,ealonso
matthewford,matthewford,annashipman,odi-robot,roc,steventux
stephenplusplus,stephenplusplus,aaronjorbin,daffl,RReverser,masondesu
akre54,akre54,esteinborn,FokkeZB,lloydwatkin,mrocklin
dblock,dblock,seejohnrun,orta,mprins,loopj
radar,radar,pat,futhr,peterberkenbosch,mbklein
myronmarston,myronmarston,lbjay,matthias-guenther,cweiske,jordansissel
schmittjoh,schmittjoh,aadsm,ctomc,mtdowling,wimvds
leplatrem,leplatrem,patrickarlt,bencevans,ametaireau,jfirebaugh
matthew-andrews,matthew-andrews,caolan,JeroenDeDauw,olalonde,anthonyshort
lightsofapollo,lightsofapollo,gaye,asutherland,bebef1987,AndreiH
schisamo,schisamo,ikedam,oleg-nenashev,imod,vjuranek
btford,btford,janantala,IgorMinar,robinboehm,kevva
bcoe,bcoe,danielbeardsley,phated,titanous,mattupstate
mbostock,mbostock,migurski,sokra,caolan,vvo
cstamas,cstamas,andrewgaul,jdillon,mcculls,asfgit
kytrinyx,kytrinyx,verdet23,kerrizor,ivanoats,pat
pypingou,pypingou,lmacken,ralphbean,aslakknutsen,whatthejeff
Floppy,Floppy,jpadilla,odi-robot,roc,steventux
bakura10,bakura10,thoop,aadsm,spiffyjr,juriansluiman
simong,simong,jirwin,JohnMcLear,garbados,bebraw
natecavanaugh,natecavanaugh,sergiogonzalez,johnnyhowey,shuyangzhou,marcellustavares
darrencauthon,darrencauthon,masondesu,dlackty,skeggse,maurogeorge
mojavelinux,mojavelinux,sgilda,rafabene,darranl,maxandersen
fatbusinessman,fatbusinessman,annashipman,odi-robot,roc,steventux
brendo,brendo,ryanramage,JeanMertz,Anahkiasen,dbu
saulshanabrook,saulshanabrook,dhellmann,nemesisdesign,codeinthehole,LaurentGoderre
juliangruber,juliangruber,narqo,frankrousseau,chilijung,amasad
thlorenz,thlorenz,lynnaloo,bendiy,DamonOehlman,jaredhanson
petebacondarwin,petebacondarwin,lol768,AndreasHeiberg,IgorMinar,BigBlueHat
clefebvre,clefebvre,bitdeli-chef,gregorybesson,tansaku,pombredanne
rfellows,rfellows,pamval,pentaho-nbaker,mbautin,dadoonet
kirs,kirs,mbeall,tfoote,ivanoats,mprins
fengmk2,fengmk2,youxiachai,euforic,odi-robot,roc
jzaefferer,jzaefferer,asciidisco,GaryJones,mikesherov,jdurand
smn,smn,snopoke,dannyroberts,biyeun,yedi
pombredanne,pombredanne,guillermo-carrasco,jexp,JensTimmerman,Fantomas42
Pomax,Pomax,ScottDowne,cadecairos,simonwex,k88hudson
jeffharrell,jeffharrell,youxiachai,jprichardson,jbuck,markrickert
bruth,bruth,rfk,lloydwatkin,aaugustin,selwin
hampelm,hampelm,migurski,sethvincent,prashtx,daguar
apenney,apenney,blkperl,branan,jhoblitt,MosesMendoza
hunner,hunner,bkkrw,blkperl,branan,jhoblitt
ConradIrwin,ConradIrwin,torandu,mbklein,bcoe,repeatedly
dead-horse,dead-horse,youxiachai,dahlia,dg,alsotang
jglick,jglick,dscho,wedaly,joschi,ctrueden
myint,myint,mauritsvanrees,mgedmin,peterbe,takluyver
philsturgeon,philsturgeon,reaperhulk,rjmackay,james2doyle,lol768
substack,substack,mikolalysenko,sethvincent,bebraw,zeke
dieterdemeyer,dieterdemeyer,bkkrw,blkperl,bodepd,dgoodlad
sax,sax,rafecolton,mbautin,stevendgonzales,repeatedly
Bladrak,Bladrak,eko,dg,eymengunay,ronanguilloux
dandv,dandv,raix,leplatrem,JustinSGray,patrickarlt
tbranyen,tbranyen,patrickarlt,faceleg,sapegin,stdavis
dbu,dbu,brendo,aequasi,makasim,pjedrzejewski
Ivoz,Ivoz,reaperhulk,garbados,a9un9hari,igrigorik
isaacs,isaacs,bahamas10,sokra,ktmud,caolan
ivanoats,ivanoats,verdet23,jeremyfelt,kytrinyx,eymengunay
maethu,maethu,elioschmutz,ninfaj,lukasgraf,Tschanzt
cweiske,cweiske,saltybeagle,mfairchild365,AgelxNash,CloCkWeRX
addyosmani,addyosmani,brendo,arv,daffl,tbranyen
coderanger,coderanger,matthewfl,sneal,mbautin,ryandub
verdet23,verdet23,ivanoats,eko,kytrinyx,rande
jaredhanson,jaredhanson,mjhea0,bendiy,lynnaloo,freewil
jezdez,jezdez,Fantomas42,wedaly,crccheck,yakky
colinta,colinta,clayallsopp,markrickert,alloy,miry
mikaelkaron,mikaelkaron,daffl,matthew-andrews,chenglou,hariadi
josegonzalez,josegonzalez,ansell,dgoodlad,masondesu,dieterdemeyer
mbj,mbj,solnic,minad,Asmod4n,jvazquez-r7
robyoung,robyoung,cbeer,annashipman,odi-robot,roc
Osmose,Osmose,stephendonner,pmclanahan,glogiotatidis,lonnen
czue,czue,dannyroberts,biyeun,yedi,snopoke
pborreli,pborreli,wilsonge,koriym,lolautruche,nonZero
jordandukart,jordandukart,willtp87,daniel-dgi,ajstanley,qadan
bradleywright,bradleywright,annashipman,odi-robot,roc,steventux
Hywan,Hywan,lol768,AndreasHeiberg,adrianmacneil,BigBlueHat
guille,guille,euforic,dg,sapegin,dfilatov
olalonde,olalonde,PaulVI,euforic,matthew-andrews,caolan
fnichol,fnichol,bflad,MosesMendoza,haus,mbautin
JeroenDeDauw,JeroenDeDauw,AgelxNash,chillu,caolan,matthew-andrews
arv,arv,doowb,ebidel,azakus,scottgonzalez
cgohlke,cgohlke,JensTimmerman,nouiz,stdweird,boegel
alexmingoia,alexmingoia,tmeasday,narqo,odi-robot,roc
jirwin,jirwin,JohnMcLear,simong,andris9,chadlung
NamelessCoder,NamelessCoder,gobengo,cedricziel,mneuhaus,camspiers
eviltrout,eviltrout,mekarpeles,Munter,chilijung,HeroicEric
josh,josh,arv,jzaefferer,rpflorence,moorepants
mbabker,mbabker,wilsonge,betweenbrain,a9un9hari,dongilbert
tboerger,tboerger,cloudedge,VictorLowther,rajinir,sergeylevchenko
pikesley,pikesley,JustinSGray,odi-robot,roc,steventux
lzap,lzap,pitr-ch,komidore64,ehelms,ares
GrahamCampbell,GrahamCampbell,AbrarSyed,Vexatos,Lucariatias,tterrag1098
jonmak08,jonmak08,sergiogonzalez,migue,shuyangzhou,mhan810
samuelkong,samuelkong,sergiogonzalez,JorgeFerrer,moltam89,csierra
appleboy,appleboy,GianlucaGuarini,Contra,gr2m,twokul
Jako,Jako,dmi3yy,jpdevries,bezumkin,AgelxNash
tychoish,tychoish,lmacken,pypingou,jasonnoble,ADmad
mgedmin,mgedmin,mmerickel,tseaver,tdesvenain,davisagli
westonplatter,westonplatter,twinge,futhr,peterberkenbosch,iloveitaly
openstack-gerrit,openstack-gerrit,dhellmann,robertchoi8099,vuntz,wilreichert
nigelgbanks,nigelgbanks,qadan,MorganDawe,daniel-dgi,willtp87
denis-sokolov,denis-sokolov,rmccue,spiffyjr,juriansluiman,aequasi
JensTimmerman,JensTimmerman,stdweird,boegel,nouiz,larsmans
eguaj,eguaj,Eric-Brison,bitdeli-chef,gregorybesson,tansaku
tarelli,tarelli,bitdeli-chef,tansaku,gregorybesson,pombredanne
abstractj,abstractj,danielpassos,secondsun,danbev,kpiwko
dfilatov,dfilatov,sipayRT,tadatuta,narqo,silverbucket
passy,passy,pylerSM,aaronjorbin,james2doyle,arv
rjmackay,rjmackay,danielbachhuber,joehoyle,willmot,ezimuel
rcbjenkins,rcbjenkins,silverbucket,dhellmann,robertchoi8099,chadlung
hueniverse,hueniverse,splitbrain,nlf,abstractj,hatchan
bitdeli-chef,bitdeli-chef,gregorybesson,tansaku,thomasleveil,twilson63
huoxito,huoxito,futhr,peterberkenbosch,iloveitaly,minad
koenpunt,koenpunt,mbeall,mprins,GaryJones,ejholmes
fgrehm,fgrehm,gabebw,ivanoats,jeremyfelt,mbautin
ke4,ke4,llh1,bitdeli-chef,tansaku,gregorybesson
rgbkrk,rgbkrk,nonZero,jirwin,JohnMcLear,simong
asfgit,asfgit,bryanhiggins,archananaik,andrewgaul,cstamas
rotty3000,rotty3000,nicks,samuelkong,jhinkey,vilmospapp
brianchandotcom,brianchandotcom,sergiogonzalez,laszlocsontos,moltam89,csierra
vladikoff,vladikoff,adamantivm,warner,rfk,andris9
visionmedia,visionmedia,particlebanana,heuermh,tmeasday,narqo
dg,dg,emanwebdev,sapegin,dfilatov,clue
ikedam,ikedam,oleg-nenashev,imod,vjuranek,stephenc
heuermh,heuermh,guillermo-carrasco,keflavich,chapmanb,taldcroft
Bryukh,Bryukh,bitdeli-chef,gregorybesson,tansaku,pombredanne
jasonnoble,jasonnoble,ADmad,stdavis,lorenzo,rchavik
dhellmann,dhellmann,alfredodeza,wilreichert,pydanny,openstack-gerrit
grosser,grosser,lslezak,jeremyf,bkkrw,dgoodlad
jpdevries,jpdevries,bezumkin,Jako,dmi3yy,AgelxNash
WinterSilence,WinterSilence,emanwebdev,rjmackay,nickvergessen,andreasisaak
jonathanong,jonathanong,narqo,vesln,cowtowncoder,frankrousseau
deadprogram,deadprogram,edgarSilva,stewart,tagomoris,kyanny
abotalov,abotalov,stewart,johnjohndoe,edgarSilva,ralphbean
akrabat,akrabat,infininight,juriansluiman,spiffyjr,aequasi
mdelapenya,mdelapenya,sergiogonzalez,jhinkey,lipusz,csierra
Raynos,Raynos,bebraw,justinabrahms,amasad,daffl
PaulVI,PaulVI,olivergierke,fbricon,danielbeardsley,jcrugzz
mcfiredrill,mcfiredrill,nesquena,kyanny,sonots,sue445
jmesnil,jmesnil,gunnarmorling,darranl,rafabene,ctomc
robhudson,robhudson,gaye,dadoonet,AndreiH,bebef1987
miry,miry,mlandauer,colinta,prashtx,loopj
tmatilai,tmatilai,stojg,sneal,jordansissel,ares
eko,eko,verdet23,dg,Bladrak,eymengunay
nirvdrum,nirvdrum,joschi,jdillon,rwinch,codekitchen
jancborchardt,jancborchardt,dokuwiki-translate,silverbucket,cweiske,trangvh
waynepallen,waynepallen,sergeylevchenko,Axam,rajinir,VictorLowther
someara,someara,joshbetz,wvanbergen,cstamas,mcculls
johnjohndoe,johnjohndoe,JakeWharton,abotalov,stefanw,ming13
mjallday,mjallday,matthewfl,mahmoudimus,groovecoder,iElectric
dirkmueller,dirkmueller,lslezak,dpaterson,cdearborn,cloudedge
schlamar,schlamar,pwaller,jeremyfelt,dirkmueller,matthew-brett
sethvargo,sethvargo,reaperhulk,joshbetz,cstamas,wvanbergen
kriskowal,kriskowal,cesine,aadsm,abrkn,Constellation
twolfson,twolfson,titoBouzout,k88hudson,wjwwood,pypingou
yields,yields,calvinfo,betweenbrain,amasad,KenanY
VlikeBanana,VlikeBanana,MBQ-,Jaiglissechef-i9100,aways,MightyBear007
sindresorhus,sindresorhus,sipayRT,cbotsikas,aldafu,GianlucaGuarini
till,till,rjmackay,pat,ezimuel,weierophinney
PascalPrecht,PascalPrecht,janantala,JeroenDeDauw,doowb,IgorMinar
gregorybesson,gregorybesson,bitdeli-chef,tansaku,thomasleveil,twilson63
frodsan,frodsan,soffes,Asmod4n,jcasimir,darrencauthon
gobengo,gobengo,cedricziel,NamelessCoder,ianstormtaylor,taylorotwell
SamSaffron,SamSaffron,codekitchen,HeroicEric,danielbeardsley,kytrinyx
rajinir,rajinir,sergeylevchenko,waynepallen,Axam,VictorLowther
gdi2290,gdi2290,particlebanana,abotalov,dlackty,JeroenDeDauw
jabley,jabley,cbeer,annashipman,odi-robot,roc
reset,reset,mbautin,ejholmes,invsblduck,douglaswth
aldafu,aldafu,cbotsikas,Dignifiedquire,tkellen,jgable
bajtos,bajtos,pypingou,neoziro,freewil,pboling
jamiecobbett,jamiecobbett,kerrizor,annashipman,odi-robot,roc
OliverJAsh,OliverJAsh,serby,tbranyen,ben-ng,alsotang
mikesherov,mikesherov,cweiske,wimvds,jzaefferer,dfilatov
lbjay,lbjay,ruebot,edsu,jordansissel,willtp87
MengZhang,MengZhang,cjohansen,jdan,yhahn,orta
iainbeeston,iainbeeston,mlandauer,gabebw,leereilly,minad
garbas,garbas,kurund,pysailor,Tschanzt,vangheem
willdurand,willdurand,dgoodlad,makasim,Bladrak,baldurrensch
stuartwdouglas,stuartwdouglas,stevenschlansker,gunnarmorling,tmeasday,raix
hason,hason,mhor,amcgowanca,AgelxNash,JeroenDeDauw
guilhem,guilhem,wvanbergen,ikedam,oleg-nenashev,bflad
alicoding,alicoding,ScottDowne,cadecairos,simonwex,k88hudson
soffes,soffes,bahamas10,orta,matzew,faceleg
cadecairos,cadecairos,ScottDowne,simonwex,k88hudson,alicoding
jhinkey,jhinkey,JorgeFerrer,moltam89,csierra,ealonso
charliesome,charliesome,rwinch,nesquena,tagomoris,dgoodlad
jdalsem,jdalsem,beck24,lfryc,tadatuta,snjeza
asutherland,asutherland,gaye,bebef1987,AndreiH,andris9
pezholio,pezholio,cesine,odi-robot,roc,steventux
hkdobrev,hkdobrev,prashtx,ansell,nickvergessen,andreasisaak
benilovj,benilovj,annashipman,odi-robot,roc,steventux
sferik,sferik,cldwalker,adamjacobbecker,solnic,matthias-guenther
heathd,heathd,annashipman,odi-robot,steventux,matthewford
alloy,alloy,colinta,bahamas10,wvanbergen,orta
roc,roc,odi-robot,steventux,tombooth,matthewford
WyriHaximus,WyriHaximus,juriansluiman,clue,jasonnoble,real34
danielpassos,danielpassos,secondsun,danbev,kpiwko,edewit
sgilda,sgilda,snjeza,fbricon,rafabene,maxandersen
juanluisrp,juanluisrp,alediator,yhahn,tmcw,springmeyer
maxogden,maxogden,mikolalysenko,sethvincent,bebraw,zeke
futoase,futoase,joshmoore,ivanoats,repeatedly,anjackson
freewil,freewil,mjhea0,faceleg,jaredhanson,1602
jdalton,jdalton,alicoding,asciidisco,mrocklin,alsotang
hhuijser,hhuijser,sergiogonzalez,laszlocsontos,moltam89,csierra
sapegin,sapegin,tbranyen,dg,dfilatov,kizu
garbados,garbados,simong,DamonOehlman,caolan,ryanramage
mmalecki,mmalecki,dokuwiki-translate,splitbrain,gaye,asutherland
rhafer,rhafer,VictorLowther,Axam,sergeylevchenko,cloudedge
rafaelfranca,rafaelfranca,bkkrw,dgoodlad,dieterdemeyer,lonnen
johnnyshields,johnnyshields,dlackty,tboerger,amiel,timoschilling
cableman,cableman,bitdeli-chef,gregorybesson,tansaku,pombredanne
waffleio,waffleio,jsilvestre,aenario,andreaturli,thoop
titoBouzout,titoBouzout,jonschlinkert,twolfson,k88hudson,joneshf
jdillon,jdillon,joschi,andrewgaul,cstamas,mcculls
dunglas,dunglas,eko,Bladrak,dg,ronanguilloux
paulmillr,paulmillr,infininight,jihoonl,adamjacobbecker,james2doyle
le0pard,le0pard,chadlung,jmazzi,reset,anjackson
wp-plugins-user,wp-plugins-user,bitdeli-chef,tansaku,gregorybesson,pombredanne
psgs,psgs,bitdeli-chef,gregorybesson,tansaku,pombredanne
mickaelandrieu,mickaelandrieu,eko,ronanguilloux,real34,ahilles107
eymengunay,eymengunay,jockri,ivanoats,makasim,pjedrzejewski
rvagg,rvagg,jihoonl,mikolalysenko,james2doyle,nlf
stefk,stefk,norzechowicz,EvanDotPro,sminnee,schmunk42
ericf,ericf,caridy,blzaugg,brunobasto,marclundgren
DeepDiver1975,DeepDiver1975,dokuwiki-translate,tfoote,cweiske,trangvh
shama,shama,cbotsikas,aldafu,mikolalysenko,AgelxNash
spheromak,spheromak,robertchoi8099,rafecolton,wilreichert,chadlung
BigBlueHat,BigBlueHat,garbados,lol768,AndreasHeiberg,edsu
cjohansen,cjohansen,MengZhang,bcoe,matthew-andrews,phated
gkorland,gkorland,k88hudson,vesln,jbuck,jprichardson
wilreichert,wilreichert,dhellmann,robertchoi8099,rafecolton,openstack-gerrit
wfarr,wfarr,bkkrw,komidore64,pitr-ch,branan
Anahkiasen,Anahkiasen,brendo,rjmackay,lol768,gegere
arian,arian,WoLpH,LaurentGoderre,Munter,asciidisco
meatballhat,meatballhat,seejohnrun,lmacken,rafecolton,robertchoi8099
fredericBregier,fredericBregier,danbev,normanmaurer,ming13,danielpassos
soulcutter,soulcutter,matthias-guenther,abotalov,iloveitaly,r7kamura
rjackson,rjackson,HeroicEric,rpflorence,ejholmes,abenari
arthurnn,arthurnn,stewart,codekitchen,deadprogram,wvanbergen
jordanilchev,jordanilchev,iceniumsamples,bitdeli-chef,gregorybesson,tansaku
imod,imod,wedaly,oleg-nenashev,ikedam,stephenc
danielbachhuber,danielbachhuber,joehoyle,willmot,mattheu,rmccue
jmikola,jmikola,JustinSGray,aequasi,spiffyjr,Kenneth-T-Moore
gnugat,gnugat,ruudk,eymengunay,ahilles107,rdohms
crccheck,crccheck,jpadilla,RReverser,ionelmc,jmalloc
adam-vessey,adam-vessey,willtp87,qadan,MorganDawe,ajstanley
ralphbean,ralphbean,dirk-thomas,stonier,wjwwood,tfoote
eventualbuddha,eventualbuddha,JakeWharton,rpflorence,dfilatov,r7kamura
nemesisdesign,nemesisdesign,Neamar,rlr,andymckay,mjumbewu
pylerSM,pylerSM,Jaiglissechef-i9100,JakeWharton,MBQ-,VlikeBanana
kevva,kevva,infininight,Contra,samccone,robinboehm
MorganDawe,MorganDawe,ajstanley,willtp87,qadan,daniel-dgi
mtdowling,mtdowling,mattheu,koriym,seejohnrun,joehoyle
pulse00,pulse00,aways,MightyBear007,MBQ-,VlikeBanana
taldcroft,taldcroft,keflavich,astrofrog,heuermh,esc
yorkie,yorkie,youxiachai,mekarpeles,chilijung,asutherland
Vexatos,Vexatos,tterrag1098,AbrarSyed,diglin,GrahamCampbell
jdutil,jdutil,futhr,peterberkenbosch,iloveitaly,bencevans
rande,rande,verdet23,eko,dg,Bladrak
JordanHatch,JordanHatch,annashipman,odi-robot,roc,steventux
petergoldstein,petergoldstein,johnjohndoe,matthias-guenther,kerrizor,futhr
ixti,ixti,yhahn,dlackty,matthew-andrews,igrigorik
robertchoi8099,robertchoi8099,rafecolton,wilreichert,openstack-gerrit,cloudnull
iElectric,iElectric,mmerickel,bosim,Tschanzt,vangheem
vjuranek,vjuranek,Sanne,oleg-nenashev,ikedam,imod
Aaron1011,Aaron1011,PaulVI,migurski,pat,ansell
sheadawson,sheadawson,nyeholt,wilr,halkyon,unclecheese
romainneutron,romainneutron,clue,ronanguilloux,dongilbert,docteurklein
kerrizor,kerrizor,kytrinyx,jcasimir,srt32,jamiecobbett
bflad,bflad,rackerjoe,atomic-penguin,paulczar,hectcastro
steventux,steventux,odi-robot,roc,matthewford,tombooth
hughsk,hughsk,mikolalysenko,sokra,DamonOehlman,chrisdickinson
k88hudson,k88hudson,ScottDowne,cadecairos,simonwex,alicoding
paulczar,paulczar,lbjay,aaronjorbin,bflad,sneal
henrikbjorn,henrikbjorn,mhor,mbeall,pjedrzejewski,AndreasHeiberg
WoLpH,WoLpH,Fantomas42,codeinthehole,groovecoder,andymckay
ndeloof,ndeloof,nacx,andreaturli,wedaly,andrewgaul
pmclanahan,pmclanahan,glogiotatidis,Osmose,lonnen,peterbe
fabpot,fabpot,wilsonge,mbabker,aequasi,dongilbert
KingYes,KingYes,tonydspaniard,rmccue,pippinsplugins,cmfcmf
mzgol,mzgol,mbeall,LeaVerou,mprins,RReverser
saltybeagle,saltybeagle,mfairchild365,cweiske,CloCkWeRX,jrf0110
pwaller,pwaller,lukasgraf,elioschmutz,ninfaj,kennethreitz
joshk,joshk,jpadilla,gegere,ansell,adelevie
mlafeldt,mlafeldt,diglin,annashipman,AbrarSyed,douglaswth
AndreiH,AndreiH,m8ttyB,stephendonner,gaye,bebef1987
dscho,dscho,ctrueden,sbesson,jglick,joshmoore
bendiy,bendiy,lynnaloo,jaredhanson,reinout,dereuromark
chirimoya,chirimoya,bitdeli-chef,gregorybesson,tansaku,pombredanne
egeloen,egeloen,eko,Bladrak,ronanguilloux,TomHAnderson
lfryc,lfryc,beck24,jdalsem,tadatuta,snjeza
gjtorikian,gjtorikian,jpadilla,gegere,tagomoris,amasad
bebef1987,bebef1987,m8ttyB,stephendonner,gaye,AndreiH
dokuwiki-translate,dokuwiki-translate,michitux,Klap-in,splitbrain,andris9
MightyBear007,MightyBear007,VlikeBanana,MBQ-,Jaiglissechef-i9100,aways
shieldo,shieldo,makasim,mtdowling,eko,Bladrak
splattael,splattael,jnunemaker,akaptur,cesine,solnic
jcoglan,jcoglan,vvo,annashipman,sue445,mnowster
zenorocha,zenorocha,sergiogonzalez,vilmospapp,moltam89,migue
barryvdh,barryvdh,paales,lol768,AndreasHeiberg,Vinai
silverbucket,silverbucket,lloydwatkin,dfilatov,rcbjenkins,rackerjoe
gabebw,gabebw,maurogeorge,jmalloc,fgrehm,splattael
guilhermeblanco,guilhermeblanco,aadsm,aequasi,bodepd,wimvds
adamjacobbecker,adamjacobbecker,migurski,Munter,vvo,daguar
rkh,rkh,johnjohndoe,rwinch,pat,nesquena
doublerr,doublerr,torandu,rafecolton,robertchoi8099,ikedam
papandreou,papandreou,danbev,Munter,ben-ng,pboling
vesln,vesln,calvinfo,doowb,jbuck,Swatinem
stefanw,stefanw,metaodi,johnjohndoe,miracle2k,wolever
andreasisaak,andreasisaak,nickvergessen,jharting,jamezp,VineetReynolds
Maks3w,Maks3w,Vinai,wagnert,spiffyjr,juriansluiman
raix,raix,tmeasday,codeinthehole,alsotang,stuartwdouglas
neoziro,neoziro,darobin,svnlto,vojtajina,JacksonTian
jgable,jgable,cbotsikas,aldafu,youxiachai,sethvincent
asciidisco,asciidisco,LaurentGoderre,jzaefferer,phated,chenglou
parkr,parkr,lmacken,jpadilla,ivanoats,gegere
gauthierm,gauthierm,archananaik,bryanhiggins,pmclanahan,glogiotatidis
matthew-brett,matthew-brett,keflavich,gregcaporaso,dankilman,esc
davglass,davglass,nlf,hatchan,freewil,caridy
gianpaj,gianpaj,dlackty,jasonnoble,ADmad,stdavis
rmm5t,rmm5t,matthewfl,gabebw,mahmoudimus,loopj
carlossg,carlossg,blkperl,branan,jhoblitt,MosesMendoza
csierra,csierra,sergiogonzalez,JorgeFerrer,moltam89,ealonso
mvidner,mvidner,jreidinger,kobliha,lslezak,jsuchome
orta,orta,bahamas10,matzew,faceleg,soffes
vipulnsward,vipulnsward,mlandauer,colinta,rwinch,nesquena
Seldaek,Seldaek,splitbrain,AgelxNash,cweiske,pjedrzejewski
tonydspaniard,tonydspaniard,emanwebdev,KingYes,cebe,schmunk42
tomByrer,tomByrer,JustinSGray,Kenneth-T-Moore,rexxars,a9un9hari
lamont-granquist,lamont-granquist,ikedam,oleg-nenashev,imod,vjuranek
fivetanley,fivetanley,codekitchen,GianlucaGuarini,appleboy,rpflorence
kohsuke,kohsuke,wedaly,andrewgaul,ikedam,oleg-nenashev
jcoyne,jcoyne,cam156,cjcolvar,gkellogg,cbeer
matthewwithanm,matthewwithanm,PaulVI,lloydwatkin,pydanny,faceleg
stof,stof,splitbrain,aequasi,pjedrzejewski,makasim
robocoder,robocoder,cweiske,bodepd,wimvds,mtdowling
sergeylevchenko,sergeylevchenko,waynepallen,Axam,rajinir,VictorLowther
saschpe,saschpe,alfredodeza,lslezak,cloudedge,arkadykanevsky
pconrad,pconrad,bitdeli-chef,gregorybesson,tansaku,pombredanne
metaodi,metaodi,stefanw,rgrp,domoritz,johnjohndoe
ares,ares,komidore64,pitr-ch,ehelms,iNecas
aslakknutsen,aslakknutsen,rafabene,jmesnil,maxandersen,pypingou
sokra,sokra,abrkn,mbostock,Swatinem,hughsk
popomore,popomore,sethvincent,loopj,konklone,MatthewMueller
spicyj,spicyj,daffl,amasad,clue,clayallsopp
GianlucaGuarini,GianlucaGuarini,appleboy,gr2m,twokul,desandro
caridy,caridy,blzaugg,Robert-Frampton,jonmak08,brunobasto
thomasboyt,thomasboyt,akaptur,jpadilla,GianlucaGuarini,appleboy
arkadykanevsky,arkadykanevsky,sergeylevchenko,waynepallen,Axam,rajinir
stephenmcd,stephenmcd,codeinthehole,stefanw,elbaschid,igrigorik
xaviershay,xaviershay,matthias-guenther,codekitchen,r7kamura,repeatedly
iHiD,iHiD,pat,kytrinyx,srt32,jcasimir
stevenharman,stevenharman,adamjacobbecker,dadoonet,yhahn,sharoonthomas
lepture,lepture,GianlucaGuarini,appleboy,RReverser,ktmud
hatchan,hatchan,tomhughes,nlf,Mithgol,jbuck
khink,khink,pysailor,bosim,vangheem,thet
gunnarmorling,gunnarmorling,Sanne,darranl,ctomc,jmesnil
jihoonl,jihoonl,ipa-fxm,abubeck,ipa-fmw,dirk-thomas
forkbot,forkbot,cfoellmann,hampelm,marcoscaceres,migurski
HenrikJoreteg,HenrikJoreteg,JohnMcLear,nlf,leereilly,gauthierm
alext,alext,annashipman,odi-robot,roc,steventux
smiklosovic,smiklosovic,danielpassos,secondsun,gunnarmorling,danbev
bkkrw,bkkrw,blkperl,bodepd,dieterdemeyer,haus
wilmoore,wilmoore,betweenbrain,KenanY,ryanramage,dongilbert
jaredly,jaredly,serby,clue,dlackty,bcoe
dmi3yy,dmi3yy,Jako,jpdevries,bezumkin,AgelxNash
rackerjoe,rackerjoe,silverbucket,robertchoi8099,dhellmann,rafecolton
RobLoach,RobLoach,kurund,eileenmcnaughton,FokkeZB,esteinborn
mmerickel,mmerickel,tseaver,keul,gotcha,mgedmin
wolever,wolever,gregcaporaso,dankilman,astrofrog,chapmanb
jugglinmike,jugglinmike,m8ttyB,stephendonner,gaye,bebef1987
JakeWharton,JakeWharton,nacx,RyanTech,pylerSM,johnjohndoe
migurski,migurski,hampelm,adamjacobbecker,sethvincent,prashtx
moltam89,moltam89,sergiogonzalez,JorgeFerrer,csierra,ealonso
JacksonTian,JacksonTian,archananaik,bryanhiggins,youxiachai,jsoref
clue,clue,mrocklin,chillu,dg,clayallsopp
matthesrieke,matthesrieke,nuest,bitdeli-chef,tansaku,gregorybesson
mythmon,mythmon,pmclanahan,glogiotatidis,Osmose,lonnen
tristanlins,tristanlins,nickvergessen,andreasisaak,jasonnoble,jharting
jsoref,jsoref,dgolovin,nickboldt,archananaik,bryanhiggins
dcramer,dcramer,meshy,andrewgaul,jdillon,cstamas
xtian,xtian,GianlucaGuarini,appleboy,rpflorence,neoziro
BenoitLeveque,BenoitLeveque,FokkeZB,esteinborn,makasim,pjedrzejewski
svnlto,svnlto,garbados,DamonOehlman,caolan,HenrikJoreteg
pdehaan,pdehaan,janantala,warner,rfk,yhahn
twinge,twinge,westonplatter,futhr,peterberkenbosch,iloveitaly
jone,jone,elioschmutz,ninfaj,lukasgraf,Tschanzt
odi-robot,odi-robot,roc,steventux,matthewford,tombooth
Mithgol,Mithgol,tomhughes,yhahn,RReverser,LaurentGoderre
simi,simi,peterberkenbosch,futhr,ansell,iloveitaly
tamird,tamird,minad,repeatedly,pboling,srt32
njam,njam,dongilbert,mvriel,docteurklein,roderik
jean,jean,avoinea,deiferni,vangheem,davisagli
tadatuta,tadatuta,sipayRT,narqo,dfilatov,lfryc
IgorMinar,IgorMinar,Dignifiedquire,robinboehm,toranb,smith
krainboltgreene,krainboltgreene,stewart,deadprogram,edgarSilva,HeroicEric
buckett,buckett,bdvholmes,bitdeli-chef,tansaku,gregorybesson
mprins,mprins,michitux,Klap-in,dokuwiki-translate,mbeall
rubenv,rubenv,euforic,doowb,chrisdickinson,olalonde
nebhale,nebhale,olivergierke,cowtowncoder,dsyer,nathanlws
GregSutcliffe,GregSutcliffe,komidore64,pitr-ch,ehelms,branan
rafabene,rafabene,snjeza,fbricon,sgilda,maxandersen
repeatedly,repeatedly,tagomoris,r7kamura,srt32,sonots
phalcon,phalcon,trangvh,jasonnoble,dg,ADmad
igalic,igalic,mbabker,joschi,adam-vessey,bkkrw
paales,paales,Vinai,wagnert,diglin,AbrarSyed
raphink,raphink,bkkrw,branan,bodepd,MosesMendoza
wedaly,wedaly,imod,stephenc,kohsuke,jglick
keul,keul,mmerickel,pysailor,bosim,vangheem
kou,kou,lslezak,deadprogram,tagomoris,chadlung
sanemat,sanemat,cedricziel,matthias-guenther,NamelessCoder,nesquena
alediator,alediator,juanluisrp,yhahn,tschaub,tmcw
gaye,gaye,asutherland,AndreiH,bebef1987,bobsilverberg
jmazzi,jmazzi,danielbeardsley,clayallsopp,badboy,flyerhzm
ProLoser,ProLoser,KingYes,prashtx,IgorMinar,Remo
gthb,gthb,kiorky,gotcha,sharoonthomas,elbaschid
cwjohnston,cwjohnston,sneal,abrkn,tombooth,douglaswth
boegel,boegel,stdweird,JensTimmerman,nouiz,larsmans
meshy,meshy,yakky,ionelmc,niwibe,dcramer
superdweebie,superdweebie,spiffyjr,juriansluiman,aequasi,ezimuel
MatthewMueller,MatthewMueller,narqo,betweenbrain,euforic,KenanY
JeanMertz,JeanMertz,brendo,oleg-nenashev,ikedam,imod
archananaik,archananaik,bryanhiggins,jsoref,edewit,asfgit
h4cc,h4cc,jockri,mhor,cweiske,wimvds
samccone,samccone,justinabrahms,zeke,chilijung,KenanY
terinjokes,terinjokes,abrkn,chrisdickinson,alsotang,Constellation
Fantomas42,Fantomas42,yakky,WoLpH,codeinthehole,fcurella
jtimberman,jtimberman,torandu,joshbetz,cstamas,robertchoi8099
ninfaj,ninfaj,elioschmutz,lukasgraf,Tschanzt,deiferni
vinayvinay,vinayvinay,annashipman,odi-robot,roc,steventux
lloydwatkin,lloydwatkin,silverbucket,mjumbewu,bruth,meteormatt
mbklein,mbklein,cam156,cjcolvar,cbeer,jeremyf
TooTallNate,TooTallNate,narqo,calvinfo,betweenbrain,euforic
yedi,yedi,biyeun,dannyroberts,czue,snopoke
dadoonet,dadoonet,sharoonthomas,groovecoder,mbautin,robhudson
WouterJ,WouterJ,eko,Bladrak,ronanguilloux,ruudk
zeke,zeke,ejholmes,samccone,kanzure,kennethreitz
robertoDiaz,robertoDiaz,sergiogonzalez,JorgeFerrer,moltam89,csierra
dgoodlad,dgoodlad,pat,dieterdemeyer,apenney,roderik
cloudnull,cloudnull,dhellmann,robertchoi8099,chadlung,wilreichert
ugisozols,ugisozols,HeroicEric,tboerger,danielbeardsley,kytrinyx
calvinfo,calvinfo,vesln,vvo,jbuck,3rd-Eden
nacx,nacx,andreaturli,andrewgaul,JakeWharton,RyanTech
astrofrog,astrofrog,taldcroft,keflavich,gregcaporaso,dankilman
twokul,twokul,GianlucaGuarini,appleboy,HeroicEric,rpflorence
tterrag1098,tterrag1098,Vexatos,AbrarSyed,diglin,GrahamCampbell
gotcha,gotcha,mmerickel,bosim,thet,keul
ezimuel,ezimuel,spiffyjr,juriansluiman,rjmackay,weierophinney
vangheem,vangheem,pysailor,Tschanzt,bosim,deiferni
RReverser,RReverser,crccheck,amasad,Mithgol,nfroidure
cebe,cebe,tonydspaniard,emanwebdev,jirwin,KingYes
futhr,futhr,peterberkenbosch,iloveitaly,bencevans,jcasimir
beberlei,beberlei,lolautruche,joschi,jdillon,aadsm
glebm,glebm,seejohnrun,daffl,timoschilling,IgorMinar
XhmikosR,XhmikosR,sipayRT,tadatuta,MightyBear007,aways
benlangfeld,benlangfeld,JustinAiken,codekitchen,pitr-ch,komidore64
avelino,avelino,yakky,selwin,aaugustin,reinout
demands,demands,MauriceButler,pypingou,vesln,tofumatt
stevenschlansker,stevenschlansker,cowtowncoder,nathanlws,ming13,stuartwdouglas
willtp87,willtp87,ajstanley,MorganDawe,qadan,daniel-dgi
scopatz,scopatz,joshmoore,mrocklin,chapmanb,cgohlke
halkyon,halkyon,sheadawson,nyeholt,wilr,unclecheese
ianstormtaylor,ianstormtaylor,gobengo,cedricziel,NamelessCoder,calvinfo
psi-4ward,psi-4ward,nickvergessen,andreasisaak,jasonnoble,jharting
jsilvestre,jsilvestre,aenario,frankrousseau,waffleio,torandu
msabramo,msabramo,mmerickel,lmacken,tseaver,larsmans
parndt,parndt,Klap-in,dokuwiki-translate,splitbrain,stewart
invsblduck,invsblduck,dhellmann,robertchoi8099,wilreichert,chadlung
weierophinney,weierophinney,spiffyjr,juriansluiman,rjmackay,ezimuel
nickvergessen,nickvergessen,andreasisaak,jharting,jamezp,VineetReynolds
tseaver,tseaver,mmerickel,bosim,thet,tdesvenain
SAC-CS,SAC-CS,bitdeli-chef,gregorybesson,tansaku,pombredanne
backbone87,backbone87,nickvergessen,andreasisaak,jharting,jamezp
minad,minad,JustinAiken,matthias-guenther,nesquena,Asmod4n
acdha,acdha,infininight,justinabrahms,RReverser,pydanny
nickstenning,nickstenning,annashipman,roc,blkperl,tombooth
locks,locks,HeroicEric,kytrinyx,zspencer,daguar
wilsonge,wilsonge,mbabker,betweenbrain,dongilbert,fabpot
ryanramage,ryanramage,brendo,garbados,caolan,asfgit
dongilbert,dongilbert,wilsonge,mbabker,betweenbrain,pmjones
ben-ng,ben-ng,MatthewMueller,guille,gthb,OliverJAsh
srt32,srt32,kerrizor,pat,repeatedly,kytrinyx
kevinsawicki,kevinsawicki,infininight,aways,MightyBear007,JakeWharton
rdohms,rdohms,mhor,amcgowanca,pmjones,mvrhov
mgaitan,mgaitan,gregcaporaso,dankilman,astrofrog,chapmanb
stefanpenner,stefanpenner,seejohnrun,GianlucaGuarini,appleboy,rpflorence
stdweird,stdweird,boegel,JensTimmerman,nouiz,larsmans
elbaschid,elbaschid,kiorky,gotcha,codeinthehole,jordansissel
gregmolnar,gregmolnar,MauriceButler,codekitchen,dlackty,timoschilling
garysweaver,garysweaver,amiel,soffes,JangoSteve,pboling
aequasi,aequasi,norzechowicz,denis-sokolov,akrabat,superdweebie
sharoonthomas,sharoonthomas,dadoonet,dahlia,groovecoder,miracle2k
tenderlove,tenderlove,stewart,deadprogram,mbklein,edgarSilva
cdearborn,cdearborn,sergeylevchenko,waynepallen,Axam,rajinir
dominictarr,dominictarr,garbados,simong,james2doyle,zeke
pmjones,pmjones,koriym,heathd,vinayvinay,fatbusinessman
markstory,markstory,mrocklin,jasonnoble,real34,ADmad
JuanitoFatas,JuanitoFatas,leereilly,abotalov,dlackty,HenrikJoreteg
marcqualie,marcqualie,seejohnrun,cweiske,lol768,AndreasHeiberg
asmeurer,asmeurer,larsmans,gregcaporaso,dankilman,astrofrog
amcgowanca,amcgowanca,mhor,doowb,rdohms,mvrhov
pat270,pat270,sergiogonzalez,laszlocsontos,moltam89,csierra
phoet,phoet,timoschilling,matthewford,sue445,PragTob
stonier,stonier,adamantivm,abubeck,ipa-fmw,dirk-thomas
cesine,cesine,aadsm,yhahn,francoisfrisch,kriskowal
matzew,matzew,danielpassos,secondsun,danbev,kpiwko
ronkorving,ronkorving,bahamas10,odi-robot,steventux,heathd
Gozala,Gozala,KoryNunn,sokra,matthew-andrews,chrisdickinson
mattheu,mattheu,joehoyle,willmot,danielbachhuber,mtdowling
DavidMikeSimon,DavidMikeSimon,joneshf,EvanDotPro,ralphbean,cebe
reaperhulk,reaperhulk,chadlung,stevendgonzales,Ivoz,maxlinc
Kenneth-T-Moore,Kenneth-T-Moore,JustinSGray,rexxars,a9un9hari,dracos
jasnow,jasnow,bflad,dlackty,abotalov,darrencauthon
haus,haus,bkkrw,branan,MosesMendoza,blkperl
janl,janl,matthias-guenther,caolan,mikermcneil,francoisfrisch
clayallsopp,clayallsopp,colinta,bahamas10,orta,matzew
RobinvdVleuten,RobinvdVleuten,clue,wimvds,jeremyfelt,cwjohnston
jhawthorn,jhawthorn,peterberkenbosch,futhr,iloveitaly,minad
AndreasHeiberg,AndreasHeiberg,lol768,GaryJones,adrianmacneil,BigBlueHat
andreypopp,andreypopp,nicks,mikolalysenko,johnjohndoe,amasad
joehoyle,joehoyle,willmot,mattheu,danielbachhuber,rmccue
sam-github,sam-github,skeggse,raymondfeng,mcollina,mikermcneil
johnbellone,johnbellone,stojg,pitr-ch,komidore64,ehelms
nfroidure,nfroidure,Munter,RReverser,sapegin,chrisdickinson
quarterto,quarterto,jpadilla,chilijung,abrkn,adelevie
ScottDowne,ScottDowne,cadecairos,simonwex,k88hudson,alicoding
bricker,bricker,pat,ktmud,danielbeardsley,timoschilling
abztrakt,abztrakt,bitdeli-chef,tansaku,gregorybesson,pombredanne
azakus,azakus,arv,edsu,trangvh,JeroenDeDauw
dongweiming,dongweiming,kiorky,elbaschid,ktmud,gotcha
rafecolton,rafecolton,robertchoi8099,wilreichert,spheromak,rackerjoe
dirk-thomas,dirk-thomas,ipa-fmw,abubeck,stonier,jihoonl
zimbatm,zimbatm,pitr-ch,komidore64,ehelms,ares
brunobasto,brunobasto,sergiogonzalez,mhan810,marcellustavares,samuelkong
adrianmacneil,adrianmacneil,lol768,AndreasHeiberg,mtdowling,BigBlueHat
lyrixx,lyrixx,diglin,joschi,jdillon,jpadilla
wilr,wilr,sheadawson,nyeholt,halkyon,unclecheese
aaugustin,aaugustin,selwin,avelino,reinout,treyhunner
schmunk42,schmunk42,tonydspaniard,emanwebdev,KingYes,AgelxNash
beck24,beck24,jdalsem,lfryc,tadatuta,snjeza
harikt,harikt,koriym,pmjones,ezimuel,weierophinney
loopj,loopj,mlandauer,popomore,titanous,clayallsopp
petems,petems,joshmoore,blkperl,bodepd,jhoblitt
prometheanfire,prometheanfire,torandu,cloudnull,stevendgonzales,rcbjenkins
michitux,michitux,Klap-in,dokuwiki-translate,splitbrain,andris9
anthonyshort,anthonyshort,betweenbrain,KenanY,matthew-andrews,kissygallery
AbrarSyed,AbrarSyed,Vexatos,tterrag1098,diglin,Vinai
eric,eric,jnunemaker,jordansissel,trangvh,titanous
dpaterson,dpaterson,sergeylevchenko,waynepallen,Axam,rajinir
thet,thet,pysailor,bosim,vangheem,deiferni
juriansluiman,juriansluiman,spiffyjr,ezimuel,weierophinney,TomHAnderson
indexzero,indexzero,dokuwiki-translate,splitbrain,calvinfo,michitux
koriym,koriym,mtdowling,pmjones,harikt,adrienbrault
Constellation,Constellation,marcoscaceres,SimonSapin,abrkn,DamonOehlman
Trott,Trott,jsoref,dlackty,asfgit,darrencauthon
ForbesLindesay,ForbesLindesay,serby,nicks,mjhea0,heuermh
andris9,andris9,michitux,dokuwiki-translate,jirwin,rfk
WebReflection,WebReflection,nickvergessen,andreasisaak,jharting,jamezp
alimony,alimony,sneal,jordansissel,joneshf,mneuhaus
emanwebdev,emanwebdev,tonydspaniard,dg,WinterSilence,cebe
joeybaker,joeybaker,leplatrem,patrickarlt,zeke,LaurentGoderre
justincampbell,justincampbell,colinta,stewart,SimonSapin,abotalov
alsotang,alsotang,raix,youxiachai,codeinthehole,skeggse
drnic,drnic,dsyer,bodepd,jordansissel,dieterdemeyer
konklone,konklone,sethvincent,edsu,dahlia,adelevie
brutasse,brutasse,nemesisdesign,Neamar,esc,jordansissel
clkao,clkao,jirwin,JohnMcLear,simong,PaulVI
CloCkWeRX,CloCkWeRX,saltybeagle,mlandauer,mfairchild365,cweiske
sheerun,sheerun,joneshf,mneuhaus,jverdeyen,iNecas
feross,feross,frankrousseau,DamonOehlman,HenrikJoreteg,vvo
ebryn,ebryn,rpflorence,cavneb,scopatz,mjallday
ohadlevy,ohadlevy,wvanbergen,komidore64,pitr-ch,ehelms
airportyh,airportyh,DamonOehlman,caolan,matthew-andrews,JeroenDeDauw
Asmod4n,Asmod4n,minad,mbj,JustinAiken,anatol
jverdeyen,jverdeyen,jockri,wimvds,joneshf,mneuhaus
lincolnthree,lincolnthree,Sanne,dgolovin,nickboldt,gunnarmorling
printercu,printercu,dadoonet,sharoonthomas,neoziro,groovecoder
maxlinc,maxlinc,jirwin,reaperhulk,chadlung,blkperl
AgelxNash,AgelxNash,dmi3yy,Jako,jpdevries,bezumkin
mafintosh,mafintosh,skeggse,jcrugzz,raymondfeng,weakish
prathamesh-sonpatki,prathamesh-sonpatki,rwinch,ejholmes,kytrinyx,daguar
vuntz,vuntz,pylerSM,cdearborn,cloudedge,sergeylevchenko
calvinmetcalf,calvinmetcalf,leplatrem,patrickarlt,garbados,james2doyle
todb-r7,todb-r7,jvazquez-r7,solnic,titanous,jeremyf
guilleiguaran,guilleiguaran,mbabker,a9un9hari,soffes,iNecas
discordier,discordier,nickvergessen,andreasisaak,jharting,jamezp
gkellogg,gkellogg,avoinea,marcoscaceres,jeremyf,darobin
necolas,necolas,johnjohndoe,abrkn,matthew-andrews,anthonyshort
amatsuda,amatsuda,kerrizor,deadprogram,gabebw,tagomoris
sipayRT,sipayRT,tadatuta,narqo,dfilatov,XhmikosR
a9un9hari,a9un9hari,mbabker,JustinSGray,james2doyle,Kenneth-T-Moore
chilijung,chilijung,mekarpeles,KenanY,maurogeorge,samccone
daniel-dgi,daniel-dgi,ajstanley,willtp87,MorganDawe,qadan
Swatinem,Swatinem,vesln,betweenbrain,sokra,SimonSapin
3rd-Eden,3rd-Eden,calvinfo,vvo,stevendgonzales,cloudnull
searls,searls,bkeepers,jasonkarns,stephenmathieson,domenic
steveklabnik,steveklabnik,matthewfl,kerrizor,codekitchen,mahmoudimus
cldwalker,cldwalker,iloveitaly,calebthompson,bf4,michaelklishin
ansell,ansell,joshk,meatballhat,jubianchi,arunoda
tschaub,tschaub,alediator,nicks,mjhea0,juanluisrp
zzak,zzak,cldwalker,kerrizor,deadprogram,nesquena
ScotterC,ScotterC,HeroicEric,masondesu,repeatedly,kytrinyx
adamantivm,adamantivm,stonier,tfoote,dirk-thomas,ipa-fmw
phuu,phuu,joneshf,mneuhaus,caolan,amiel
lipusz,lipusz,sergiogonzalez,JorgeFerrer,moltam89,csierra
marcellustavares,marcellustavares,sergiogonzalez,JorgeFerrer,moltam89,csierra
igorw,igorw,cedricziel,seejohnrun,NamelessCoder,AgelxNash
phated,phated,asciidisco,bcoe,alsotang,Contra
ming13,ming13,fredericBregier,stevenschlansker,pylerSM,aways
cordoval,cordoval,brendo,juriansluiman,pjedrzejewski,makasim
darranl,darranl,gunnarmorling,sgilda,rafabene,jmesnil
mikolalysenko,mikolalysenko,hughsk,maxogden,substack,timoxley
cedricziel,cedricziel,gobengo,NamelessCoder,mneuhaus,ianstormtaylor
samsonasik,samsonasik,tonydspaniard,emanwebdev,spiffyjr,juriansluiman
Toflar,Toflar,nickvergessen,andreasisaak,jasonnoble,jharting
stloyd,stloyd,AgelxNash,aequasi,pjedrzejewski,makasim
sebastianbergmann,sebastianbergmann,amcgowanca,bebraw,weierophinney,doowb
iceniumsamples,iceniumsamples,jordanilchev,bitdeli-chef,gregorybesson,tansaku
davisagli,davisagli,avoinea,lukasgraf,pysailor,bosim
drak,drak,particlebanana,NamelessCoder,aequasi,nickvergessen
patcon,patcon,jordandukart,bflad,sneal,jeremyfelt
pydanny,pydanny,nonZero,akaptur,esoergel,justinabrahms
jfromaniello,jfromaniello,chilijung,mekarpeles,joneshf,mneuhaus
minrk,minrk,heuermh,infininight,keflavich,larsmans
snopoke,snopoke,smn,dannyroberts,biyeun,yedi
wjwwood,wjwwood,ipa-fmw,abubeck,dirk-thomas,stonier
latentflip,latentflip,JohnMcLear,nlf,HenrikJoreteg,chrisdickinson
lolautruche,lolautruche,ruudk,staabm,beberlei,pborreli
nicolas-bastien,nicolas-bastien,makasim,eko,Bladrak,ronanguilloux
nouiz,nouiz,JensTimmerman,boegel,stdweird,larsmans
thanpolas,thanpolas,PaulVI,aadsm,RReverser,tbranyen
nlf,nlf,HenrikJoreteg,hatchan,vvo,zaach
kennethreitz,kennethreitz,nonZero,pwaller,joshmoore,zeke
ctomc,ctomc,Sanne,gunnarmorling,darranl,jmesnil
kpdecker,kpdecker,GianlucaGuarini,nlf,appleboy,asciidisco
hariadi,hariadi,doowb,samccone,kevva,f2prateek
cjcolvar,cjcolvar,cam156,cbeer,jeremyf,mbklein
nicolas-f,nicolas-f,bitdeli-chef,tansaku,gregorybesson,pombredanne
raymondfeng,raymondfeng,sam-github,mcollina,alexmingoia,1602
JorgeFerrer,JorgeFerrer,sergiogonzalez,moltam89,csierra,ealonso
gr2m,gr2m,silverbucket,LeaVerou,GianlucaGuarini,appleboy
guybedford,guybedford,james2doyle,arv,sokra,faceleg
edsu,edsu,lbjay,ruebot,mekarpeles,trangvh
joshmoore,joshmoore,ctrueden,sbesson,dscho,cgohlke
nickboldt,nickboldt,dgolovin,snjeza,fbricon,maxandersen
JonRowe,JonRowe,colinta,matthias-guenther,nesquena,komidore64
alexmuller,alexmuller,cbeer,annashipman,odi-robot,roc
lholmquist,lholmquist,danielpassos,secondsun,archananaik,bryanhiggins
jordansissel,jordansissel,lbjay,sneal,elbaschid,jamtur01
qadan,qadan,ajstanley,willtp87,MorganDawe,daniel-dgi
schneems,schneems,pat,ktmud,loopj,igrigorik
Shotclog,Shotclog,annashipman,odi-robot,roc,steventux
joneshf,joneshf,mneuhaus,jverdeyen,Constellation,maethu
esc,esc,nonZero,keflavich,larsmans,bebraw
tombooth,tombooth,annashipman,odi-robot,roc,steventux
lsmith77,lsmith77,paales,brendo,makasim,pjedrzejewski
whit537,whit537,alfredodeza,matthewfl,mahmoudimus,dahlia
grncdr,grncdr,spiffyjr,juriansluiman,ezimuel,DamonOehlman
reinout,reinout,lynnaloo,bendiy,tseaver,do3cc
PikachuEXE,PikachuEXE,sue445,mezis,eiel,calebthompson
dlackty,dlackty,Trott,darrencauthon,jasnow,maxogden
jakevdp,jakevdp,keflavich,larsmans,dankilman,gregcaporaso
mneuhaus,mneuhaus,cedricziel,NamelessCoder,joneshf,jverdeyen
kobliha,kobliha,jreidinger,lslezak,jsuchome,mvidner
ZDroid,ZDroid,aways,MightyBear007,tfoote,VlikeBanana
sneal,sneal,jordansissel,cwjohnston,mattupstate,kanzure
andreaturli,andreaturli,nacx,andrewgaul,JakeWharton,ndeloof
mauritsvanrees,mauritsvanrees,pysailor,bosim,Tschanzt,vangheem
springmeyer,springmeyer,juanluisrp,alediator,yhahn,leplatrem
dsyer,dsyer,KoryNunn,olivergierke,MauriceButler,rwinch
ljharb,ljharb,johnjohndoe,DamonOehlman,abrkn,Constellation
wagnert,wagnert,Vinai,paales,diglin,AbrarSyed
scottgonzalez,scottgonzalez,arv,nlf,asciidisco,jzaefferer
teddyzeenny,teddyzeenny,rpflorence,pboling,lightsofapollo,cavneb
Natim,Natim,crccheck,leplatrem,stefanw,pydanny
smith,smith,ryandub,douglaswth,reset,mattupstate
jamezp,jamezp,gunnarmorling,darranl,sgilda,rafabene
petehunt,petehunt,daffl,sokra,lloydwatkin,clue
particlebanana,particlebanana,bencevans,vanetix,mikermcneil,gdi2290
marcioendo,marcioendo,bitdeli-chef,tansaku,gregorybesson,pombredanne
sigmavirus24,sigmavirus24,pwaller,joshmoore,dahlia,hatchan
bezumkin,bezumkin,jpdevries,Jako,dmi3yy,AgelxNash
groovecoder,groovecoder,matthewfl,dadoonet,pmclanahan,glogiotatidis
timoxley,timoxley,mikolalysenko,betweenbrain,zeke,chilijung
chillu,chillu,halkyon,unclecheese,wilr,tractorcow
bahamas10,bahamas10,orta,matzew,faceleg,soffes
just-boris,just-boris,IgorMinar,jprichardson,jeffharrell,robinboehm
eileenmcnaughton,eileenmcnaughton,kurund,GaryJones,garbas,rosenfeld
TomHAnderson,TomHAnderson,spiffyjr,juriansluiman,ezimuel,weierophinney
markrickert,markrickert,colinta,bahamas10,FokkeZB,esteinborn
bcardarella,bcardarella,HeroicEric,rpflorence,soffes,Pomax
vincentbernat,vincentbernat,mahmoudimus,pydanny,anjackson,pencil
reedstrm,reedstrm,bitdeli-chef,tansaku,gregorybesson,pombredanne
cowtowncoder,cowtowncoder,nathanlws,stevenschlansker,dsyer,normanmaurer
mrocklin,mrocklin,nouiz,larsmans,clue,moorepants
ranjib,ranjib,joshbetz,robertchoi8099,rafecolton,wilreichert
nyeholt,nyeholt,sheadawson,wilr,halkyon,unclecheese
mnowster,mnowster,annashipman,odi-robot,roc,steventux
benjamn,benjamn,amasad,RReverser,abrkn,clue
mikermcneil,mikermcneil,particlebanana,vanetix,chrisdickinson,francoisfrisch
MauriceButler,MauriceButler,KoryNunn,dsyer,DamonOehlman,tofumatt
tomhughes,tomhughes,iandees,yhahn,hatchan,Mithgol
jiyinyiyong,jiyinyiyong,youxiachai,tbranyen,Munter,tagomoris
paulirish,paulirish,Asmod4n,jzaefferer,jprichardson,jeffharrell
daguar,daguar,hampelm,adamjacobbecker,migurski,sethvincent
wyuenho,wyuenho,KingYes,lloydwatkin,jprichardson,jeffharrell
HeroicEric,HeroicEric,kytrinyx,zspencer,daguar,nicolejpaz
andrewgaul,andrewgaul,nacx,andreaturli,jdillon,cstamas
danbev,danbev,fredericBregier,danielpassos,secondsun,kpiwko
brixen,brixen,ansell,minad,Asmod4n,mbj
fukayatsu,fukayatsu,joneshf,mneuhaus,jverdeyen,stevendgonzales
streeter,streeter,bahamas10,ikedam,oleg-nenashev,orta
badboy,badboy,ivanoats,euforic,timoschilling,jmazzi
francoisfrisch,francoisfrisch,cesine,aadsm,dfilatov,kriskowal
tkellen,tkellen,cbotsikas,aldafu,tbranyen,RReverser
eiel,eiel,abotalov,kyanny,sue445,mezis
tarcieri,tarcieri,codekitchen,warner,Asmod4n,anjackson
vvo,vvo,adamjacobbecker,calvinfo,Munter,nlf
leereilly,leereilly,cbeer,jeremyf,HenrikJoreteg,cam156
claco,claco,silverbucket,robertchoi8099,dhellmann,rafecolton
jdurand,jdurand,jordandukart,stewart,peterberkenbosch,futhr
aredridel,aredridel,bkkrw,blkperl,dieterdemeyer,mbostock
guillermo-carrasco,guillermo-carrasco,heuermh,chapmanb,shrikeh,keflavich
domenic,domenic,searls,marcoscaceres,vesln,pypingou
mcollina,mcollina,thoop,jcrugzz,raymondfeng,sam-github
jnunemaker,jnunemaker,titanous,eric,jvazquez-r7,todb-r7
meteormatt,meteormatt,cadecairos,raix,youxiachai,andris9
jfirebaugh,jfirebaugh,iandees,leplatrem,patrickarlt,tomhughes
maxandersen,maxandersen,snjeza,dgolovin,nickboldt,fbricon
sminnee,sminnee,sheadawson,tractorcow,wilr,unclecheese
jexp,jexp,olivergierke,pboling,gregturn,rwinch
iloveitaly,iloveitaly,cldwalker,futhr,peterberkenbosch,jcasimir
trek,trek,daffl,chenglou,cavneb,scopatz
rpflorence,rpflorence,amiel,caridy,Dignifiedquire,cavneb
stdavis,stdavis,patrickarlt,tbranyen,jasonnoble,ADmad
ipa-fmw,ipa-fmw,ipa-nhg,ipa-fxm,abubeck,dirk-thomas
ejholmes,ejholmes,thomasleveil,czue,zeke,LaurentGoderre
abenari,abenari,wvanbergen,komidore64,pitr-ch,ehelms
ametaireau,ametaireau,mmerickel,warner,lmacken,rfk
ipeychev,ipeychev,sergiogonzalez,vilmospapp,epgarcia,shuyangzhou
maximeprades,maximeprades,bitdeli-chef,gregorybesson,tansaku,pombredanne
matthewp,matthewp,betweenbrain,daffl,KenanY,anthonyshort
ipa-fxm,ipa-fxm,ipa-nhg,abubeck,ipa-fmw,jihoonl
caitp,caitp,marcoscaceres,patrickarlt,SimonSapin,Constellation
kyanny,kyanny,deadprogram,mbklein,tagomoris,r7kamura
betweenbrain,betweenbrain,wilsonge,mbabker,KenanY,dongilbert
KoryNunn,KoryNunn,MauriceButler,dsyer,DamonOehlman,Gozala
f2prateek,f2prateek,RyanTech,pylerSM,JakeWharton,johnjohndoe
chrishunt,chrishunt,ctrueden,dscho,peterberkenbosch,futhr
sue445,sue445,ejholmes,eiel,mezis,calebthompson
mibamur,mibamur,scopatz,cavneb,gvwilson,kevva
mbautin,mbautin,rfellows,pentaho-nbaker,pamval,dadoonet
jsuchome,jsuchome,jreidinger,kobliha,lslezak,sergeylevchenko
scribu,scribu,cfoellmann,rmccue,danielbachhuber,joshbetz
bobthecow,bobthecow,wimvds,dongilbert,pmjones,baldurrensch
jlongster,jlongster,archananaik,bryanhiggins,MauriceButler,jsoref
adrienbrault,adrienbrault,koriym,cowtowncoder,dsyer,ctomc
ttthanh,ttthanh,trangvh,edsu,nickvergessen,andreasisaak
FokkeZB,FokkeZB,esteinborn,Remo,markrickert,JangoSteve
roderik,roderik,jockri,dgoodlad,wimvds,dieterdemeyer
toranb,toranb,nemesisdesign,Neamar,rlr,IgorMinar
rfk,rfk,warner,andris9,shane-tomlinson,ametaireau
bryanhiggins,bryanhiggins,archananaik,jsoref,edewit,asfgit
jmalloc,jmalloc,crccheck,aadsm,gabebw,clue
ajstanley,ajstanley,willtp87,MorganDawe,qadan,daniel-dgi
anatol,anatol,leereilly,Asmod4n,iNecas,repeatedly
flyerhzm,flyerhzm,KingYes,bahamas10,orta,nesquena
eddiemonge,eddiemonge,janantala,tbranyen,sapegin,jzaefferer
dahlia,dahlia,sharoonthomas,miracle2k,jaraco,methane
mezis,mezis,abotalov,r7kamura,sue445,eiel
jockri,jockri,wimvds,jverdeyen,eymengunay,roderik
Stuk,Stuk,cesine,aadsm,JohnMcLear,HenrikJoreteg
banyan,banyan,jnunemaker,r7kamura,kyanny,badboy
chadlung,chadlung,jirwin,reaperhulk,openstack-gerrit,stevendgonzales
oncletom,oncletom,LaurentGoderre,doowb,Asmod4n,real34
pat,pat,dgoodlad,kytrinyx,jcasimir,srt32
manuq,manuq,bitdeli-chef,gregorybesson,tansaku,pombredanne
james2doyle,james2doyle,a9un9hari,rschmukler,dominictarr,calvinmetcalf
1602,1602,mjhea0,frankrousseau,bebraw,freewil
joscha,joscha,Munter,abstractj,IgorMinar,jprichardson
DrkMatr1984,DrkMatr1984,bitdeli-chef,tansaku,gregorybesson,pombredanne
Swaagie,Swaagie,jasonnoble,ADmad,stdavis,stevendgonzales
makasim,makasim,pjedrzejewski,eymengunay,docteurklein,norzechowicz
cam156,cam156,cjcolvar,cbeer,jeremyf,mbklein
tmeasday,tmeasday,raix,alexmingoia,mjumbewu,stuartwdouglas
afeld,afeld,akaptur,seejohnrun,justinabrahms,dgoodlad
nubs,nubs,cweiske,wimvds,ezimuel,stevendgonzales
pboling,pboling,jexp,olivergierke,lightsofapollo,jamielinux
LeaVerou,LeaVerou,Munter,bencevans,robwierzbowski,gr2m
kmike,kmike,mmerickel,larsmans,dankilman,gregcaporaso
peterberkenbosch,peterberkenbosch,futhr,iloveitaly,bencevans,jcasimir
umpirsky,umpirsky,pjedrzejewski,makasim,edsu,trangvh
aways,aways,VlikeBanana,MBQ-,Jaiglissechef-i9100,MightyBear007
keflavich,keflavich,taldcroft,heuermh,astrofrog,esc
kurund,kurund,eileenmcnaughton,GaryJones,garbas,rosenfeld
jonschlinkert,jonschlinkert,titoBouzout,esteinborn,FokkeZB,GianlucaGuarini
jamielinux,jamielinux,bebraw,caolan,lloydwatkin,pboling
norzechowicz,norzechowicz,aequasi,pjedrzejewski,makasim,eko
crynobone,crynobone,FokkeZB,esteinborn,edsu,lol768
ctrueden,ctrueden,dscho,sbesson,joshmoore,chrishunt
Axam,Axam,sergeylevchenko,waynepallen,rajinir,VictorLowther
tmcw,tmcw,juanluisrp,iandees,alediator,jihoonl
jeremyf,jeremyf,cam156,cjcolvar,gkellogg,cbeer
nicolejpaz,nicolejpaz,zspencer,danielbachhuber,joshbetz,prashtx
sethvincent,sethvincent,hampelm,migurski,popomore,daguar
shuyangzhou,shuyangzhou,sergiogonzalez,JorgeFerrer,moltam89,csierra
lslezak,lslezak,jreidinger,kobliha,jsuchome,dirkmueller
pamval,pamval,pentaho-nbaker,rfellows,mbautin,dadoonet
ahilles107,ahilles107,takeit,gnugat,rdohms,K-Phoen
m8ttyB,m8ttyB,stephendonner,bebef1987,AndreiH,bobsilverberg
zspencer,zspencer,nicolejpaz,danielbachhuber,joshbetz,prashtx
treyhunner,treyhunner,yakky,nemesisdesign,mauritsvanrees,rexxars
Lucariatias,Lucariatias,stuntguy3000,lol768,PunKeel,GrahamCampbell
andrewgross,andrewgross,dadoonet,mbautin,douglaswth,spheromak
spiffyjr,spiffyjr,juriansluiman,ezimuel,weierophinney,TomHAnderson
patrickkettner,patrickkettner,prashtx,jsoref,lloydwatkin,Asmod4n
alexgorbatchev,alexgorbatchev,abrkn,bcoe,jasonnoble,stdavis
llh1,llh1,ke4,bitdeli-chef,tansaku,gregorybesson
gvwilson,gvwilson,gauthierm,Dignifiedquire,ivanov,scopatz
ipa-nhg,ipa-nhg,ipa-fxm,abubeck,ipa-fmw,jihoonl
elioschmutz,elioschmutz,ninfaj,lukasgraf,Tschanzt,deiferni
mvriel,mvriel,juriansluiman,spiffyjr,ezimuel,weierophinney
richo,richo,nesquena,masondesu,repeatedly,igrigorik
staabm,staabm,lolautruche,tmeasday,raix,rjmackay
atomic-penguin,atomic-penguin,bflad,CloCkWeRX,jeremyfelt,invsblduck
do3cc,do3cc,avoinea,pysailor,deiferni,Tschanzt
Ocramius,Ocramius,aadsm,cowtowncoder,juriansluiman,spiffyjr
dmathieu,dmathieu,dlackty,soffes,danielbeardsley,rcbjenkins
bfontaine,bfontaine,WoLpH,migurski,SimonSapin,faceleg
halfdan,halfdan,jpadilla,gegere,alicoding,adelevie
adrienthebo,adrienthebo,joschi,adam-vessey,bkkrw,blkperl
mfairchild365,mfairchild365,saltybeagle,jrf0110,cweiske,CloCkWeRX
joshbetz,joshbetz,cfoellmann,rmccue,danielbachhuber,bueltge
fcurella,fcurella,Fantomas42,yakky,mahmoudimus,justinabrahms
willmot,willmot,joehoyle,mattheu,danielbachhuber,jeremyfelt
shane-tomlinson,shane-tomlinson,simonwex,gaye,warner,asutherland
stuntguy3000,stuntguy3000,Lucariatias,gegere,lol768,PunKeel
hemanth,hemanth,rfk,mbostock,ericf,kevva
rgrp,rgrp,metaodi,pwaller,simong,euforic
mcepl,mcepl,gaye,asutherland,AndreiH,bebef1987
Sanne,Sanne,gunnarmorling,ctomc,vjuranek,normanmaurer
jamtur01,jamtur01,lbjay,branan,MosesMendoza,blkperl
abubeck,abubeck,ipa-nhg,ipa-fxm,ipa-fmw,dirk-thomas
Nami-Doc,Nami-Doc,betweenbrain,amasad,euforic,lloydwatkin
splitbrain,splitbrain,michitux,Klap-in,dokuwiki-translate,stojg
cloudedge,cloudedge,sergeylevchenko,waynepallen,Axam,rajinir
vicb,vicb,ctomc,wimvds,ronanguilloux,ruudk
ezzatron,ezzatron,crccheck,aadsm,spiffyjr,juriansluiman
whatthejeff,whatthejeff,pypingou,clue,pjedrzejewski,baldurrensch
jvazquez-r7,jvazquez-r7,todb-r7,solnic,titanous,jeremyf
tagomoris,tagomoris,deadprogram,jone,kyanny,repeatedly
euforic,euforic,olalonde,Contra,bengourley,cristiandouce
abrkn,abrkn,sokra,Constellation,cwjohnston,jlongster
sonots,sonots,pitr-ch,komidore64,nesquena,ehelms
normanmaurer,normanmaurer,fredericBregier,Sanne,danielpassos,danbev
mgcrea,mgcrea,deadprogram,IgorMinar,jprichardson,robinboehm
bkeepers,bkeepers,searls,jnunemaker,pitr-ch,komidore64
cbeer,cbeer,cam156,cjcolvar,nigelgbanks,jeremyf
tractorcow,tractorcow,sheadawson,nyeholt,wilr,halkyon
pentaho-nbaker,pentaho-nbaker,pamval,rfellows,mbautin,dadoonet
robinboehm,robinboehm,janantala,cesine,jsoref,asciidisco
codjo,codjo,bitdeli-chef,gregorybesson,tansaku,pombredanne
sander1,sander1,shopgirl284,pencil,anjackson,jdeolive
patrickarlt,patrickarlt,leplatrem,tbranyen,bencevans,stdavis
ktmud,ktmud,vanetix,andymckay,mattupstate,kennethreitz
youxiachai,youxiachai,JakeWharton,alsotang,weakish,dead-horse
rmccue,rmccue,pippinsplugins,aaronjorbin,danielbachhuber,joshbetz
JangoSteve,JangoSteve,esteinborn,FokkeZB,amiel,Remo
LaurentGoderre,LaurentGoderre,asciidisco,doowb,ejholmes,Mithgol
thoop,thoop,mcollina,bakura10,waffleio,MoOx
niwibe,niwibe,meshy,nemesisdesign,Neamar,dahlia
coderhaoxin,coderhaoxin,andris9,ktmud,jasonnoble,ADmad
docteurklein,docteurklein,pjedrzejewski,makasim,mtdowling,eko
mlandauer,mlandauer,CloCkWeRX,loopj,dracos,saltybeagle
markijbema,markijbema,HeroicEric,abotalov,adelevie,CloCkWeRX
kevinburke,kevinburke,pwaller,ikedam,oleg-nenashev,gregcaporaso
franzliedke,franzliedke,lol768,AndreasHeiberg,nickvergessen,andreasisaak
jrief,jrief,meshy,yakky,pydanny,IgorMinar
akaptur,akaptur,esoergel,justinabrahms,pydanny,dannyroberts
avoinea,avoinea,gkellogg,bosim,tdesvenain,davisagli
lukasgraf,lukasgraf,ninfaj,elioschmutz,pwaller,Tschanzt
deiga,deiga,wjwwood,WoLpH,cowtowncoder,nathanlws
jhoblitt,jhoblitt,branan,MosesMendoza,blkperl,bodepd
lipis,lipis,prashtx,matthewford,Shotclog,vinayvinay
wvanbergen,wvanbergen,yedi,snopoke,smn,biyeun
Robert-Frampton,Robert-Frampton,sergiogonzalez,migue,mhan810,marcellustavares
jamesward,jamesward,yedi,snopoke,smn,dannyroberts
tlvince,tlvince,edsu,trangvh,daguar,roderik
dannyroberts,dannyroberts,biyeun,yedi,czue,snopoke
rjocoleman,rjocoleman,Vinai,RyanTech,wagnert,CloCkWeRX
dankilman,dankilman,gregcaporaso,astrofrog,chapmanb,takluyver
michaelklishin,michaelklishin,czue,cldwalker,lbjay,ansell
cvan,cvan,stephendonner,gaye,glogiotatidis,pmclanahan
SimonSapin,SimonSapin,marcoscaceres,Constellation,darobin,Swatinem
EmmanuelVella,EmmanuelVella,makasim,eko,Bladrak,dg
ebidel,ebidel,arv,edsu,trangvh,jasonnoble
jubianchi,jubianchi,ansell,orta,baldurrensch,ronanguilloux
juliandunn,juliandunn,joshbetz,cstamas,oleg-nenashev,ikedam
dgolovin,dgolovin,nickboldt,snjeza,fbricon,maxandersen
codeinthehole,codeinthehole,Fantomas42,raix,WoLpH,elbaschid
mhor,mhor,amcgowanca,rdohms,mvrhov,h4cc
joschi,joschi,adam-vessey,jdillon,adrienthebo,daniel-dgi
eLobato,eLobato,pitr-ch,komidore64,ehelms,ares
alex,alex,reaperhulk,lmacken,mahmoudimus,justinabrahms
nuest,nuest,matthesrieke,bitdeli-chef,tansaku,gregorybesson
Neamar,Neamar,nemesisdesign,rlr,andymckay,mjumbewu
rchavik,rchavik,jasonnoble,real34,ADmad,lorenzo
kylef,kylef,RyanTech,bahamas10,orta,nemesisdesign
jdeolive,jdeolive,mprins,anjackson,pencil,andypiper
yhahn,yhahn,juanluisrp,cesine,alediator,tomhughes
alindeman,alindeman,jnunemaker,matthias-guenther,rwinch,ivanoats
janantala,janantala,robinboehm,vojtajina,btford,pdehaan
sawanoboly,sawanoboly,tagomoris,CloCkWeRX,cwjohnston,douglaswth
portertech,portertech,robertchoi8099,rafecolton,cloudnull,stevendgonzales
PragTob,PragTob,edgarSilva,deadprogram,kerrizor,HeroicEric
johnnyhowey,johnnyhowey,sergiogonzalez,JorgeFerrer,moltam89,csierra
willkg,willkg,stephendonner,gaye,pmclanahan,glogiotatidis
pitr-ch,pitr-ch,komidore64,ehelms,ares,iNecas
tgriesser,tgriesser,lol768,alicoding,lloydwatkin,AndreasHeiberg
lonnen,lonnen,m8ttyB,k88hudson,pmclanahan,glogiotatidis
masarakki,masarakki,kerrizor,tagomoris,jone,jglick
glogiotatidis,glogiotatidis,pmclanahan,Osmose,lonnen,peterbe
wimvds,wimvds,jockri,cweiske,jverdeyen,baldurrensch
marcoscaceres,marcoscaceres,gkellogg,SimonSapin,Constellation,darobin
matthewfl,matthewfl,mahmoudimus,groovecoder,mjallday,whit537
kud,kud,thoop,prashtx,mekarpeles,LaurentGoderre
nicks,nicks,rotty3000,tschaub,andreypopp,ForbesLindesay
acatton,acatton,yakky,nemesisdesign,codeinthehole,stefanw
gregcaporaso,gregcaporaso,dankilman,astrofrog,chapmanb,takluyver
kares,kares,repeatedly,srt32,PragTob,eLobato
solnic,solnic,todb-r7,jvazquez-r7,jeremyf,titanous
zaach,zaach,simonwex,gaye,warner,asutherland
mahmoudimus,mahmoudimus,matthewfl,pydanny,groovecoder,mjallday
elia,elia,infininight,minad,amiel,timoschilling
hectcastro,hectcastro,bflad,sneal,jordansissel,do3cc
lmacken,lmacken,pypingou,ametaireau,ralphbean,meatballhat
dcarley,dcarley,bkkrw,blkperl,bodepd,annashipman
stevendgonzales,stevendgonzales,reaperhulk,chadlung,cloudnull,rcbjenkins
bdvholmes,bdvholmes,buckett,bitdeli-chef,tansaku,gregorybesson
warner,warner,rfk,lonnen,peterbe,shane-tomlinson
jbalsas,jbalsas,sergiogonzalez,topolik,pure59,epgarcia
joefiorini,joefiorini,rpflorence,caridy,mbostock,ericf
gsaunier,gsaunier,bitdeli-chef,gregorybesson,tansaku,pombredanne
gjohnson,gjohnson,euforic,olalonde,skeggse,jcrugzz
sbesson,sbesson,ctrueden,dscho,joshmoore,aspiers
coderaiser,coderaiser,tomhughes,freewil,jcrugzz,raymondfeng
pippinsplugins,pippinsplugins,rmccue,aaronjorbin,bueltge,GaryJones
GaryJones,GaryJones,pippinsplugins,cfoellmann,kurund,mbeall
unwiredben,unwiredben,archananaik,bryanhiggins,wjwwood,jsoref
marclundgren,marclundgren,sergiogonzalez,matethurzo,mhan810,marcellustavares
toastdriven,toastdriven,stefanw,elbaschid,jordansissel,aaugustin
cmfcmf,cmfcmf,KingYes,nickvergessen,andreasisaak,jharting
oleg-nenashev,oleg-nenashev,ikedam,imod,vjuranek,stephenc
prashtx,prashtx,hampelm,migurski,zspencer,nicolejpaz
esteinborn,esteinborn,FokkeZB,Remo,markrickert,JangoSteve
weakish,weakish,youxiachai,matthew-andrews,alsotang,samccone
andrew,andrew,peterberkenbosch,futhr,LaurentGoderre,iloveitaly
shouze,shouze,orta,ruudk,ahilles107,gnugat
seejohnrun,seejohnrun,mtdowling,meatballhat,dblock,glebm
jdan,jdan,MengZhang,yhahn,orta,cjohansen
thomasleveil,thomasleveil,ejholmes,miracle2k,czue,PaulVI
nathanlws,nathanlws,cowtowncoder,stevenschlansker,dsyer,normanmaurer
igrigorik,igrigorik,bebraw,konklone,Ivoz,flyerhzm
kiorky,kiorky,avoinea,vangheem,deiferni,thet
bueltge,bueltge,cfoellmann,aaronjorbin,pippinsplugins,rmccue
methane,methane,cowtowncoder,rfk,dsyer,nathanlws
blzaugg,blzaugg,sergiogonzalez,matethurzo,mhan810,marcellustavares
Krinkle,Krinkle,arv,ansell,jzaefferer,vvo
olivergierke,olivergierke,jexp,rwinch,PaulVI,dsyer
shopgirl284,shopgirl284,sander1,pencil,anjackson,jdeolive
jrburke,jrburke,simonwex,gaye,asutherland,bebef1987
vilmospapp,vilmospapp,sergiogonzalez,JorgeFerrer,moltam89,csierra
ronanguilloux,ronanguilloux,Bladrak,TomHAnderson,norzechowicz,stephpy
davidcelis,davidcelis,pat,WoLpH,HeroicEric,a9un9hari
thewilkybarkid,thewilkybarkid,pjedrzejewski,mtdowling,rexxars,ronanguilloux
takeit,takeit,ahilles107,gnugat,rdohms,K-Phoen
stephenc,stephenc,wedaly,oleg-nenashev,ikedam,imod
rogerhu,rogerhu,wedaly,aways,MightyBear007,MBQ-
Jaiglissechef-i9100,Jaiglissechef-i9100,MBQ-,VlikeBanana,aways,MightyBear007
camspiers,camspiers,unclecheese,sheadawson,tractorcow,wilr
narqo,narqo,tadatuta,sipayRT,dfilatov,alexmingoia
bjornstar,bjornstar,cowtowncoder,dsyer,nathanlws,normanmaurer
topolik,topolik,JorgeFerrer,moltam89,csierra,ealonso
sidorares,sidorares,twilson63,MauriceButler,narqo,cowtowncoder
zyegfryed,zyegfryed,aaugustin,selwin,avelino,reinout
serby,serby,bengourley,OliverJAsh,jaredly,ForbesLindesay
cfoellmann,cfoellmann,bueltge,joshbetz,aaronjorbin,GaryJones
rlr,rlr,pmclanahan,glogiotatidis,Osmose,lonnen
matthias-guenther,matthias-guenther,nesquena,minad,JustinAiken,soulcutter
nijel,nijel,selwin,avelino,aaugustin,reinout
jharting,jharting,gunnarmorling,darranl,jmesnil,ctomc
potomak,potomak,JustinSGray,Kenneth-T-Moore,rexxars,a9un9hari
kissygallery,kissygallery,cbeer,trangvh,minad,a9un9hari
jbrooksuk,jbrooksuk,mprins,alicoding,joneshf,mneuhaus
frankrousseau,frankrousseau,aenario,jsilvestre,torandu,1602
esoergel,esoergel,dannyroberts,biyeun,yedi,czue
aadsm,aadsm,cesine,francoisfrisch,jmalloc,kriskowal
doowb,doowb,amcgowanca,vesln,arv,LaurentGoderre
Munter,Munter,adamjacobbecker,LeaVerou,vvo,nfroidure
ADmad,ADmad,keul,jasonnoble,real34,stdavis
robertkowalski,robertkowalski,sneal,ryanramage,ben-ng,Asmod4n
joliss,joliss,stewart,abotalov,rpflorence,vvo
arangamani,arangamani,ikedam,oleg-nenashev,imod,vjuranek
robertomiranda,robertomiranda,iNecas,JangoSteve,sue445,anatol
chenglou,chenglou,daffl,clue,asciidisco,clayallsopp
simonwex,simonwex,ScottDowne,cadecairos,k88hudson,alicoding
mekarpeles,mekarpeles,chilijung,edsu,maurogeorge,yorkie
pure59,pure59,sergiogonzalez,JorgeFerrer,moltam89,csierra
maurogeorge,maurogeorge,gabebw,chilijung,mekarpeles,masondesu
fbricon,fbricon,nickboldt,dgolovin,snjeza,sgilda
chrisdickinson,chrisdickinson,justinabrahms,jaredhanson,quarterto,1602
aik099,aik099,esteinborn,FokkeZB,makasim,Remo
dstufft,dstufft,solnic,reaperhulk,warner,mahmoudimus
aspiers,aspiers,sbesson,Axam,rajinir,dpaterson
calebthompson,calebthompson,cldwalker,adamjacobbecker,gabebw,soffes
Remo,Remo,esteinborn,FokkeZB,AgelxNash,JeroenDeDauw
gregturn,gregturn,jexp,olivergierke,rwinch,dsyer
teeparham,teeparham,soffes,jcasimir,JangoSteve,darrencauthon
miracle2k,miracle2k,thomasleveil,PaulVI,kiorky,sharoonthomas
mnapoli,mnapoli,aadsm,ronanguilloux,TomHAnderson,norzechowicz
JustinSGray,JustinSGray,Kenneth-T-Moore,rexxars,a9un9hari,dracos
VictorLowther,VictorLowther,sergeylevchenko,waynepallen,Axam,rajinir
digitalextremist,digitalextremist,codekitchen,Asmod4n,jmazzi,badboy
jbuck,jbuck,ScottDowne,cadecairos,k88hudson,simonwex
jlambert121,jlambert121,lbjay,joschi,adam-vessey,bkkrw
pjedrzejewski,pjedrzejewski,makasim,codeinthehole,docteurklein,eymengunay
iandees,iandees,tomhughes,mrshu,jfirebaugh,tmcw
unclecheese,unclecheese,sheadawson,nyeholt,wilr,halkyon
nschonni,nschonni,cjcolvar,aaronjorbin,JustinSGray,esteinborn
skottler,skottler,pitr-ch,komidore64,branan,MosesMendoza
mjumbewu,mjumbewu,tmeasday,migurski,nemesisdesign,Neamar
rosenfeld,rosenfeld,kurund,eileenmcnaughton,mbklein,kyanny
tdesvenain,tdesvenain,avoinea,lukasgraf,pysailor,bosim
hsbt,hsbt,deadprogram,tagomoris,kyanny,repeatedly
lorenzo,lorenzo,jasonnoble,real34,ADmad,stdavis
kpiwko,kpiwko,danielpassos,secondsun,danbev,edewit
stephendonner,stephendonner,m8ttyB,bebef1987,AndreiH,bobsilverberg
danielbeardsley,danielbeardsley,PaulVI,bcoe,jmazzi,miracle2k
dracos,dracos,mlandauer,JustinSGray,annashipman,Kenneth-T-Moore
rlidwka,rlidwka,neoziro,Constellation,moorepants,raymondfeng
lynnaloo,lynnaloo,bendiy,reinout,dereuromark,thlorenz
ruudk,ruudk,lolautruche,gegere,baldurrensch,adrianmacneil
jcrugzz,jcrugzz,PaulVI,ryanramage,olalonde,darobin
fabiokr,fabiokr,gabebw,joneshf,mneuhaus,elbaschid
Vinai,Vinai,wagnert,paales,diglin,AbrarSyed
iNecas,iNecas,lslezak,pitr-ch,komidore64,ehelms
kesla,kesla,vvo,jcrugzz,raymondfeng,sam-github
henrikhodne,henrikhodne,jpadilla,futhr,peterberkenbosch,gegere
mathiasbynens,mathiasbynens,marcoscaceres,mikolalysenko,LeaVerou,arv
thedrow,thedrow,wedaly,yakky,nemesisdesign,ansell
mattrobenolt,mattrobenolt,emanwebdev,andrewgaul,jdillon,cstamas
mapleoin,mapleoin,VictorLowther,Axam,dpaterson,waynepallen
JustinAiken,JustinAiken,minad,benlangfeld,matthias-guenther,nesquena
larsmans,larsmans,JensTimmerman,nouiz,stdweird,boegel
gsamokovarov,gsamokovarov,lloydwatkin,mrocklin,stefanw,mjumbewu
rschmukler,rschmukler,jeremyf,james2doyle,phated,olalonde
blkperl,blkperl,bkkrw,bodepd,jhoblitt,ghoneycutt
amiel,amiel,pmclanahan,glogiotatidis,Osmose,rlr
mhan810,mhan810,sergiogonzalez,JorgeFerrer,moltam89,csierra
mikeal,mikeal,MauriceButler,garbados,nlf,bahamas10
s0undt3ch,s0undt3ch,kiorky,elbaschid,gotcha,stefanw
branan,branan,MosesMendoza,jhoblitt,haus,ghoneycutt
Irio,Irio,igrigorik,jmazzi,maurogeorge,titanous
remy,remy,arv,Munter,mekarpeles,edsu
alfredodeza,alfredodeza,dhellmann,whit537,Turbo87,saschpe
alanshaw,alanshaw,leplatrem,patrickarlt,bebraw,simong
jherdman,jherdman,amiel,ejholmes,JangoSteve,Contra
VineetReynolds,VineetReynolds,snjeza,dgolovin,nickboldt,fbricon
yarikoptic,yarikoptic,nouiz,keflavich,larsmans,gregcaporaso
AD7six,AD7six,jasonnoble,real34,ADmad,stdavis
stojg,stojg,unclecheese,tractorcow,nyeholt,sheadawson
CodeBlock,CodeBlock,lmacken,pypingou,steventux,matthewford
kumar303,kumar303,m8ttyB,stephendonner,gaye,bebef1987
mpapis,mpapis,cldwalker,jeremyf,jeremyfelt,danielbeardsley
mitar,mitar,raix,tmeasday,codeinthehole,stefanw
chapmanb,chapmanb,guillermo-carrasco,heuermh,keflavich,gregcaporaso
mbeall,mbeall,mprins,GaryJones,robwierzbowski,michitux
infininight,infininight,kevva,akrabat,acdha,elia
cbotsikas,cbotsikas,aldafu,Dignifiedquire,tkellen,jgable
biyeun,biyeun,dannyroberts,yedi,czue,snopoke
mislav,mislav,bcoe,r7kamura,ejholmes,badboy
zsagia,zsagia,sergiogonzalez,laszlocsontos,moltam89,csierra
jprice,jprice,meshy,jirwin,JohnMcLear,yakky
philandstuff,philandstuff,bkkrw,annashipman,odi-robot,roc
briancavalier,briancavalier,JakeWharton,sgilda,vesln,darranl
eduardolundgren,eduardolundgren,sergiogonzalez,vilmospapp,migue,ealonso
lol768,lol768,Lucariatias,stuntguy3000,AndreasHeiberg,PunKeel
skeggse,skeggse,garbados,simong,alsotang,olalonde
migue,migue,JorgeFerrer,moltam89,csierra,ealonso
ghoneycutt,ghoneycutt,blkperl,branan,jhoblitt,MosesMendoza
moorepants,moorepants,nouiz,larsmans,mrocklin,mgedmin
yakky,yakky,Fantomas42,meshy,ionelmc,avelino
zenspider,zenspider,mbklein,mrocklin,kyanny,clue
Peeja,Peeja,jeremyf,jpadilla,gegere,adelevie
mistydemeo,mistydemeo,heuermh,WoLpH,keflavich,joneshf
deiferni,deiferni,ninfaj,elioschmutz,lukasgraf,Tschanzt
darobin,darobin,gkellogg,marcoscaceres,SimonSapin,Osmose
docwhat,docwhat,minad,Asmod4n,repeatedly,r7kamura
balupton,balupton,tfoote,FokkeZB,esteinborn,andris9
blaugueux,blaugueux,ryandub,baldurrensch,Bladrak,ruudk
PunKeel,PunKeel,Lucariatias,stuntguy3000,lol768,rjmackay
faceleg,faceleg,bahamas10,orta,tbranyen,matzew
pysailor,pysailor,Tschanzt,deiferni,vangheem,thet
nonZero,nonZero,esc,pydanny,kennethreitz,rgbkrk
burzum,burzum,jpdevries,bezumkin,AgelxNash,Jako
domoritz,domoritz,metaodi,pwaller,leplatrem,patrickarlt
jcasimir,jcasimir,kerrizor,pat,futhr,peterberkenbosch
jaraco,jaraco,tseaver,do3cc,sharoonthomas,dahlia
kanzure,kanzure,larsmans,dankilman,gregcaporaso,zeke
Tschanzt,Tschanzt,ninfaj,elioschmutz,lukasgraf,deiferni
alexandresalome,alexandresalome,diglin,aequasi,AbrarSyed,adelevie
bosim,bosim,avoinea,vangheem,Tschanzt,thet
gustavohenke,gustavohenke,dfilatov,Asmod4n,matthewp,quarterto
aenario,aenario,jsilvestre,frankrousseau,waffleio,torandu
matethurzo,matethurzo,sergiogonzalez,JorgeFerrer,moltam89,csierra
caolan,caolan,garbados,JeroenDeDauw,matthew-andrews,ryanramage
jgmize,jgmize,m8ttyB,stephendonner,pmclanahan,glogiotatidis
zuazo,zuazo,CloCkWeRX,esc,caolan,douglaswth
RWOverdijk,RWOverdijk,spiffyjr,juriansluiman,ezimuel,weierophinney
CTLocalGovTeam,CTLocalGovTeam,bitdeli-chef,tansaku,gregorybesson,pombredanne
ryandub,ryandub,jirwin,JohnMcLear,simong,chadlung
jpadilla,jpadilla,crccheck,gegere,adelevie,halfdan
benbalter,benbalter,bueltge,aaronjorbin,adamjacobbecker,joshbetz
wking,wking,dankilman,gregcaporaso,astrofrog,chapmanb
stevendanna,stevendanna,wvanbergen,bflad,sneal,wilreichert
robwierzbowski,robwierzbowski,mbeall,LeaVerou,arv,mprins
adelevie,adelevie,jpadilla,gegere,CloCkWeRX,halfdan
jasonkarns,jasonkarns,searls,r7kamura,Mithgol,roderik
pencil,pencil,sander1,shopgirl284,anjackson,jdeolive
jackfranklin,jackfranklin,annashipman,odi-robot,roc,steventux
cristiandouce,cristiandouce,amasad,euforic,SimonSapin,olalonde
mrshu,mrshu,iandees,JustinSGray,tomhughes,gregcaporaso
stephenmathieson,stephenmathieson,searls,mikolalysenko,PaulVI,calvinfo
edewit,edewit,danielpassos,secondsun,snjeza,bryanhiggins
arokem,arokem,keflavich,esc,tomhughes,taldcroft
blackjid,blackjid,branan,MosesMendoza,jhoblitt,haus
real34,real34,ADmad,lorenzo,rchavik,halfdan
RyanTech,RyanTech,JakeWharton,nacx,rjocoleman,f2prateek
komidore64,komidore64,pitr-ch,ehelms,ares,iNecas
philfreo,philfreo,Jako,dmi3yy,calvinfo,bezumkin
danielsdeleo,danielsdeleo,douglaswth,mvidner,rhafer,reset
pelson,pelson,keflavich,dankilman,gregcaporaso,esc
jeremeamia,jeremeamia,mattheu,joehoyle,juriansluiman,spiffyjr
BanzaiMan,BanzaiMan,rwinch,danbev,ansell,minad
EvanHahn,EvanHahn,twilson63,james2doyle,RReverser,alsotang
rexxars,rexxars,JustinSGray,Kenneth-T-Moore,a9un9hari,mtdowling
mvrhov,mvrhov,mhor,amcgowanca,aequasi,pjedrzejewski
aaronjorbin,aaronjorbin,pippinsplugins,bueltge,rmccue,cfoellmann
MoOx,MoOx,KoryNunn,thoop,LeaVerou,bebraw
SBoudrias,SBoudrias,tbranyen,alicoding,Dignifiedquire,Trott
titanous,titanous,jvazquez-r7,todb-r7,solnic,jnunemaker
gastaldi,gastaldi,nickboldt,dgolovin,fbricon,gunnarmorling
tofumatt,tofumatt,MauriceButler,gaye,bebef1987,AndreiH
desandro,desandro,GianlucaGuarini,jprichardson,jeffharrell,hemanth
ehelms,ehelms,pitr-ch,komidore64,ares,iNecas
Bartvds,Bartvds,pypingou,cweiske,Mithgol,Constellation
lucasmazza,lucasmazza,tmeasday,dgoodlad,JangoSteve,alexmingoia
cavneb,cavneb,codekitchen,peterbe,rpflorence,scopatz
EvanDotPro,EvanDotPro,juriansluiman,spiffyjr,ezimuel,weierophinney
ionelmc,ionelmc,meshy,crccheck,yakky,dhellmann
masondesu,masondesu,maurogeorge,darrencauthon,stephenplusplus,scribu
Dignifiedquire,Dignifiedquire,cbotsikas,aldafu,amasad,rpflorence
aheckmann,aheckmann,justinabrahms,jasonnoble,ADmad,stdavis
garak,garak,wimvds,mtdowling,Bladrak,baldurrensch
mjhea0,mjhea0,freewil,jaredhanson,1602,tschaub
uwej711,uwej711,makasim,eko,Bladrak,ronanguilloux
bodepd,bodepd,bkkrw,blkperl,jhoblitt,dieterdemeyer
twilson63,twilson63,sidorares,EvanHahn,MauriceButler,bitdeli-chef
snjeza,snjeza,dgolovin,nickboldt,fbricon,sgilda
KenanY,KenanY,betweenbrain,chilijung,anthonyshort,vanetix
codekitchen,codekitchen,peterbe,cavneb,benlangfeld,gregmolnar
bebraw,bebraw,simong,esc,igrigorik,1602
vanetix,vanetix,particlebanana,betweenbrain,ktmud,KenanY
seanmonstar,seanmonstar,warner,yhahn,alicoding,Pomax
annashipman,annashipman,tombooth,matthewford,heathd,Shotclog
takluyver,takluyver,keflavich,dankilman,gregcaporaso,esc
selwin,selwin,avelino,aaugustin,reinout,acatton
timoschilling,timoschilling,matthewford,badboy,jpmckinney,tas50
anjackson,anjackson,pencil,jdeolive,andypiper,gregturn
diglin,diglin,AbrarSyed,Vinai,paales,wagnert
nesquena,nesquena,matthias-guenther,minad,flyerhzm,JustinAiken
retr0h,retr0h,torandu,robertchoi8099,rafecolton,oleg-nenashev
sodabrew,sodabrew,komidore64,pitr-ch,ehelms,branan
bencevans,bencevans,particlebanana,leplatrem,patrickarlt,LeaVerou
secondsun,secondsun,danielpassos,danbev,kpiwko,rwinch
bengourley,bengourley,serby,euforic,chrisdickinson,olalonde
r7kamura,r7kamura,kyanny,repeatedly,soulcutter,myronmarston
JohnMcLear,JohnMcLear,jirwin,simong,HenrikJoreteg,ryandub
amasad,amasad,RReverser,Dignifiedquire,cristiandouce,yields
remiprev,remiprev,seejohnrun,abotalov,jmazzi,maurogeorge
bf4,bf4,cldwalker,solnic,pat,masondesu
gegere,gegere,stuntguy3000,jpadilla,adelevie,Lucariatias
Daniel-Hug,Daniel-Hug,popomore,loopj,mbostock,ericf
andypiper,andypiper,mprins,anjackson,jdeolive,pencil
Klap-in,Klap-in,michitux,dokuwiki-translate,splitbrain,mprins
mattupstate,mattupstate,sneal,ktmud,CloCkWeRX,bcoe
ivanov,ivanov,keflavich,sethvincent,dankilman,gregcaporaso
laszlocsontos,laszlocsontos,sergiogonzalez,JorgeFerrer,moltam89,csierra
machty,machty,GianlucaGuarini,appleboy,HeroicEric,DamonOehlman
daffl,daffl,edsu,chenglou,matthewp,briancavalier
stephpy,stephpy,orta,ronanguilloux,eymengunay,docteurklein
ajoslin,ajoslin,janantala,FokkeZB,esteinborn,nlf
aschempp,aschempp,nickvergessen,andreasisaak,jasonnoble,jharting
DamonOehlman,DamonOehlman,KoryNunn,MauriceButler,garbados,jsoref
jprichardson,jprichardson,jeffharrell,azakus,Rich-Harris,mikermcneil
djmitche,djmitche,branan,MosesMendoza,rfk,jhoblitt
jrf0110,jrf0110,mfairchild365,saltybeagle,andris9,freewil
MosesMendoza,MosesMendoza,branan,jhoblitt,haus,ghoneycutt
Rich-Harris,Rich-Harris,daffl,jprichardson,jeffharrell,chenglou
baldurrensch,baldurrensch,wimvds,ruudk,blaugueux,docteurklein
K-Phoen,K-Phoen,makasim,eko,Bladrak,eymengunay
chulkilee,chulkilee,masondesu,mbautin,danielbeardsley,reset
rwinch,rwinch,olivergierke,secondsun,dsyer,jexp
MBQ-,MBQ-,VlikeBanana,Jaiglissechef-i9100,aways,MightyBear007
kizu,kizu,joneshf,sapegin,dg,mneuhaus
dominikzogg,dominikzogg,nickvergessen,andreasisaak,jasonnoble,jharting
